Board,Manufacturer,MPN,Qty,Parts,FormatStatus,Verified,Note
Frequency synthesizer,,0201B103K250NT,2,"C61, C84",format-ok,no,
Frequency synthesizer,,0201X334M6R3CT,2,"C2, C6",format-ok,no,
Frequency synthesizer,,1-2176072-2,6,"R2, R3, R4, R7, R9, R11",format-ok,no,
Frequency synthesizer,,142-0731-211,11,"J1, J2, J5, J6, J7, J8, J9, J10, J11, J12, J13",format-ok,yes,
Frequency synthesizer,,22-23-2021,6,"X10, X11, X12, X13, X14, X15",format-ok,yes,
Frequency synthesizer,,87834-1211,1,JP1,format-ok,no,
Frequency synthesizer,,AD9523BCPZ,1,IC1,format-ok,yes,
Frequency synthesizer,,ADF4382ABCCZ,2,"U1, U6",format-ok,yes,
Frequency synthesizer,,ATS1005-3DB-FD-T05,4,"U4, U5, U8, U10",format-ok,yes,
Frequency synthesizer,,CJT-T-P-HH-ST-TH1,2,"J3, J4",format-ok,yes,
Frequency synthesizer,,CL03A104KP3NNNH,28,"C16, C18, C20, C22, C24, C26, C28, C30, C32, C34, C35, C36, C37, C41, C42, C43, C44, C64, C65, C66, C67, C87, C88, C90, C91, C4, C5, C7",format-ok,yes,
Frequency synthesizer,,CL03A104KP3NNNH,1,C92,format-ok,yes,
Frequency synthesizer,,CL03A105MQ3CSNH,10,"C11, C12, C13, C14, C59, C68, C69, C70, C71, C82",format-ok,yes,
Frequency synthesizer,,CL03A474KP3NNNC,2,"C9, C10",format-ok,yes,
Frequency synthesizer,,CL03A474KP3NNNC,1,C3,format-ok,yes,
Frequency synthesizer,,CL03B102KA3NNNC,1,C8,format-ok,yes,
Frequency synthesizer,,CL03C100JA3GNNC,6,"C1, C62, C63, C85, C86, C89",format-ok,yes,
Frequency synthesizer,,CPF0201B499RE1,2,"R21, R34",format-ok,no,
Frequency synthesizer,,CPF0201B649RE1,3,"R6, R8, R10",format-ok,no,
Frequency synthesizer,,CRCW0201931RFKED,2,"R16, R29",format-ok,no,
Frequency synthesizer,,CVHD-950-50.000,2,"X5, X6",format-ok,yes,
Frequency synthesizer,,ECOC-2522-100.000-3HC,1,X4,format-ok,yes,
Frequency synthesizer,,ERJ-U01J300C,2,"R17, R30",format-ok,yes,
Frequency synthesizer,,FBMH1608HL601-T,4,"FB1, FB2, FB3, FB4",format-ok,yes,
Frequency synthesizer,,GCM0335C1H300FA16J,2,"C60, C83",format-ok,no,
Frequency synthesizer,,GRM035R60J475ME15D,20,"C38, C39, C40, C48, C49, C50, C55, C56, C57, C58, C72, C73, C74, C75, C76, C77, C78, C79, C80, C81",format-ok,yes,
Frequency synthesizer,,GRM1555CYA103GE01J,3,"C15, C17, C19",format-ok,yes,
Frequency synthesizer,,HI2220P601R-10,5,"L9, L10, L11, L12, L13",format-ok,yes,
Frequency synthesizer,,KB EELP41.12-P1R2-36-3X4X-5-R18,2,"D1, D2",needs-check,yes,"whitespace in the part number - legitimate for some manufacturers (ams OSRAM KB EELP41.12-...), but it has to be confirmed rather than assumed"
Frequency synthesizer,,LQP03HQ1N3W02D,8,"L1, L2, L3, L4, L5, L6, L7, L8",format-ok,no,
Frequency synthesizer,,MAAST32MSB7226MPNA01,6,"C21, C25, C29, C33, C46, C51",format-ok,no,
Frequency synthesizer,,MBASU32MAB7106KPNA01,5,"C23, C27, C31, C45, C47",format-ok,no,
Frequency synthesizer,,MTX2-143+,4,"U2, U3, U7, U9",format-ok,no,
Frequency synthesizer,,RC0201FR-07100RL,4,"R1, R12, R13, R26",format-ok,yes,
Frequency synthesizer,,RC0201FR-7D330RL,2,"R18, R31",format-ok,yes,
Frequency synthesizer,,RCA02010000ZSEDSR,9,"R5, R14, R15, R19, R20, R27, R28, R32, R33",format-ok,yes,
Frequency synthesizer,,RE0201BRE07200KL,8,"R22, R23, R24, R25, R35, R36, R37, R38",format-ok,yes,
Frequency synthesizer,,RT0201FRE0722RL,3,"R39, R40, R41",format-ok,yes,
Main board,,0201B103K250NT,16,"C102, C103, C104, C105, C106, C107, C114, C115, C116, C117, C118, C119, C120, C121, C122, C123",format-ok,no,
Main board,,0201CG101J500NT,34,"C66, C68, C73, C79, C81, C124, C130, C132, C137, C139, C145, C147, C152, C161, C167, C169, C174, C183, C200, C202, C207, C209, C214, C216, C221, C223, C228, C230, C235, C237, C242, C244, C249, C251",format-ok,no,
Main board,,1-2176072-2,49,"R41, R43, R55, R56, R57, R58, R59, R61, R82, R85, R86, R87, R88, R93, R94, R99, R100, R101, R102, R107, R108, R109, R118, R124, R125, R126, R127, R128, R129, R130, R131, R133, R134, R135, R136, R137, R138, R139, R140, R144, R147, R148, R149, R167, R168, R169, R170, R171, R172",format-ok,no,
Main board,,10118192-0002LF,2,"X2, X53",format-ok,yes,
Main board,,142-0731-211,37,"J1, J18, J20, J22, J23, J24, J25, J26, J27, J28, J29, J30, J31, J32, J33, J34, J35, J36, J37, J38, J39, J40, J41, J42, J43, J44, J45, J46, J47, J48, J49, J50, J51, J52, J53, J54, J55",format-ok,yes,
Main board,,142-0731-211,4,"J56, J57, J58, J59",format-ok,yes,
Main board,,22-23-2021,35,"X1, X4, X8, X9, X10, X12, X16, X17, X18, X20, X21, X24, X25, X26, X27, X54, X55, X56, X57, X_1, X_2, X_3, X_4, X_5, X_6, X_7, X_8, X_9, X_10, X_11, X_12, X_13, X_14, X_15, X_16",format-ok,yes,
Main board,,22-23-2031,22,"X3, X6, X11, X13, X15, X19, X22, X38, X39, X40, X41, X42, X43, X44, X45, X46, X47, X48, X49, X50, X51, X52",format-ok,yes,
Main board,,22-23-2041,3,"X5, X7, X14",format-ok,yes,
Main board,,595D475X9035B2T,2,"C186, C187",format-ok,yes,
Main board,,87834-1211,1,JP1,format-ok,no,
Main board,,90130-1314,1,JP13,format-ok,yes,
Main board,,AC0201FR-0710KL,36,"R39, R40, R83, R84, R111, R123, R145, R151, R153, R176, R177, R178, R179, R180, R181, R182, R183, R184, R185, R186, R187, R188, R189, R190, R191, R192, R193, R194, R196, R197, R198, R199, R200, R201, R202, R203",format-ok,yes,
Main board,,AD8352ACPZ-R7,2,"U4, U8",format-ok,yes,
Main board,,AD9484BCPZ-500,1,U1,format-ok,yes,
Main board,,AD9708AR,1,U3,format-ok,yes,
Main board,,ADAR1000ACCZN,4,"ADAR1_, ADAR2_, ADAR3_, ADAR4_",format-ok,yes,
Main board,,ADS7830IPWR,3,"U10, U88, U89",format-ok,yes,
Main board,,ADTR1107ACCZ,16,"ADTR1107_1, ADTR1107_2, ADTR1107_3, ADTR1107_4, ADTR1107_5, ADTR1107_6, ADTR1107_7, ADTR1107_8, ADTR1107_9, ADTR1107_10, ADTR1107_11, ADTR1107_12, ADTR1107_13, ADTR1107_14, ADTR1107_15, ADTR1107_16",format-ok,yes,
Main board,,AT93C46A-10SQ-2.7,1,IC1,format-ok,no,
Main board,,BLM15PE121SH1D,5,"L5, L6, L7, L19, L20",format-ok,no,
Main board,,CE0603M-51NH,4,"L9, L10, L24, L28",format-ok,no,
Main board,,CJT-T-P-HH-ST-TH1,2,"J19, J21",format-ok,yes,
Main board,,CL03A104KP3NNNH,79,"C1, C2, C4, C5, C6, C7, C8, C9, C10, C11, C12, C13, C14, C15, C16, C36, C37, C38, C39, C40, C41, C42, C44, C45, C46, C47, C51, C52, C53, C56, C67, C69, C74, C80, C82, C125, C131, C133, C138, C140, C146, C148, C159, C160, C162, C168, C170, C175, C188, C189, C190, C192, C193, C194, C195, C196, C201, C203, C208, C210, C215, C217, C222, C224, C229, C231, C236, C238, C243, C245, C250, C252, C293, C354, C355, C356, C357, C358, C359",format-ok,yes,
Main board,,CL03A104KP3NNNH,8,"C277, C278, C295, C297, C299, C301, C352, C353",format-ok,yes,
Main board,,CL03A104KP3NNNH,24,"C24, C25, C26, C27, C28, C29, C30, C32, C33, C34, C35, C50, C256, C257, C279, C281, C298, C302, C303, C304, C305, C306, C307, C310",format-ok,yes,
Main board,,CL03A105MQ3CSNH,16,"C86, C87, C88, C89, C90, C91, C92, C93, C94, C95, C96, C97, C98, C99, C100, C101",format-ok,yes,
Main board,,CL03A105MQ3CSNH,3,"C276, C296, C300",format-ok,yes,
Main board,,CL03A474KP3NNNC,13,"C110, C111, C112, C113, C155, C156, C157, C158, C179, C180, C181, C182, C291",format-ok,yes,
Main board,,CL03B102KA3NNNC,7,"C314, C318, C321, C325, C328, C332, C335",format-ok,yes,
Main board,,CM03X5R475M06AH055,4,"C17, C55, C176, C285",format-ok,no,
Main board,,DAC5578SRGET,2,"U7, U69",format-ok,yes,
Main board,,ECS-120-10-36B2-JTN-TR,1,Y1,format-ok,no,
Main board,,EP4RKU+,1,U16,format-ok,yes,
Main board,,EVQP0E07K,1,S1,format-ok,yes,
Main board,,FT2232HQ,1,U6,format-ok,yes,
Main board,,GCQ0335C1H200GB01D,2,"C18, C19",format-ok,no,
Main board,,GJM0335C1E1R0WB01D,51,"C70, C71, C72, C83, C84, C85, C126, C128, C129, C134, C135, C136, C142, C143, C144, C149, C150, C151, C163, C165, C166, C171, C172, C173, C197, C198, C199, C204, C205, C206, C211, C212, C213, C218, C219, C220, C225, C226, C227, C232, C233, C234, C239, C240, C241, C246, C247, C248, C253, C254, C255",format-ok,yes,
Main board,,GJM0335C1E330JB01D,2,"C59, C127",format-ok,yes,
Main board,,GJM0335C1E4R3WB01D,2,"C20, C21",format-ok,yes,
Main board,,GJM0335C1E7R8WB01D,2,"C61, C62",format-ok,yes,
Main board,,GJM0335C1ER60WB01D,1,C43,format-ok,yes,
Main board,,GJM0335C1ER60WB01D,1,C54,format-ok,yes,
Main board,,GJM1555C1H2R7WB01D,1,C3,format-ok,yes,
Main board,,GRM0335C1E120JA01D,2,"C184, C185",format-ok,yes,
Main board,,GRM0335C1E180JA01D,2,"C272, C274",format-ok,yes,
Main board,,GRM0335C1E220JA01D,2,"C308, C309",format-ok,yes,
Main board,,GRM0335C1E250JA01D,4,"C64, C65, C268, C270",format-ok,yes,
Main board,,GRM0335C1H111GA01D,1,C141,format-ok,yes,
Main board,,GRM033R60J225ME47D,3,"C22, C23, C164",format-ok,yes,
Main board,,GRM033R60J335ME47D,1,C191,format-ok,yes,
Main board,,GRM033R60J475ME47D,8,"C108, C109, C153, C154, C177, C178, C287, C289",format-ok,no,
Main board,,GRM033R71E472KA88D,16,"C261, C263, C265, C267, C269, C271, C273, C275, C280, C282, C284, C286, C288, C290, C292, C294",format-ok,no,
Main board,,GRM033R71E473KA88D,1,C31,format-ok,no,
Main board,,GRM155R71C104KA88D,4,"C48, C49, C57, C58",format-ok,yes,
Main board,,GRM155R71C104KA88D,28,"C76, C78, C258, C259, C260, C262, C264, C266, C313, C317, C320, C324, C327, C331, C334, C337, C339, C341, C342, C343, C344, C345, C346, C347, C348, C349, C350, C351",format-ok,yes,
Main board,,GRM21BR61E106KA73L,12,"C75, C77, C312, C316, C319, C323, C326, C330, C333, C336, C338, C340",format-ok,yes,
Main board,,GRM31CR61E226ME15L,5,"C283, C311, C315, C322, C329",format-ok,yes,
Main board,,HI2220P601R-10,11,"L1, L11, L12, L13, L14, L15, L16, L17, L18, L21, L23",format-ok,yes,
Main board,,INA241A4IDGKR,16,"U11, U73, U74, U75, U76, U77, U78, U79, U80, U81, U82, U83, U84, U85, U86, U87",format-ok,yes,
Main board,,KB EELP41.12-P1R2-36-3X4X-5-R18,4,"D2, D3, D4, D5",needs-check,yes,"whitespace in the part number - legitimate for some manufacturers (ams OSRAM KB EELP41.12-...), but it has to be confirmed rather than assumed"
Main board,,LQP02TN12NH02D,2,"L2, L8",format-ok,yes,
Main board,,LQP03TNR16H02D,2,"L3, L4",format-ok,yes,
Main board,,LTC5552IUDB#TRMPBF,2,"U5, U13",format-ok,yes,
Main board,,M3SWA2-34DR+,17,"RF_SW_1, RF_SW_2, RF_SW_3, RF_SW_4, RF_SW_5, RF_SW_6, RF_SW_7, RF_SW_8, RF_SW_9, RF_SW_10, RF_SW_11, RF_SW_12, RF_SW_13, RF_SW_14, RF_SW_15, RF_SW_16, U$1",format-ok,yes,
Main board,,MLASU063SCG101JFNA01,2,"C60, C63",format-ok,yes,
Main board,,MLG0603PR11JTD25,4,"L22, L25, L26, L27",format-ok,yes,
Main board,,MT25QL01GBBB8E12-0AUT,1,U9,format-ok,yes,
Main board,,NX3215SA-32.768K-STD-MUS-2,1,XTAL3,format-ok,yes,
Main board,,NX3225GD-8MHZ-STD-CRA-3,1,XTAL1,format-ok,yes,
Main board,,OPA4703EA/250,4,"OPA_1, OPA_2, OPA_3, OPA_4",format-ok,yes,
Main board,,RC0201FR-07100RL,12,"R2, R3, R4, R5, R6, R7, R8, R9, R10, R11, R12, R173",format-ok,yes,
Main board,,RC0201FR-071K2L,1,R60,format-ok,yes,
Main board,,RC0201FR-07200RL,4,"R16, R17, R20, R21",format-ok,yes,
Main board,,RC0201FR-0722K1L,11,"R154, R155, R156, R157, R158, R159, R160, R161, R162, R163, R164",format-ok,yes,
Main board,,RC0201FR-0722RL,13,"R23, R24, R25, R26, R27, R28, R29, R30, R49, R51, R62, R63, R64",format-ok,yes,
Main board,,RC0201FR-0725RL,2,"R165, R166",format-ok,yes,
Main board,,RC0201FR-072K2L,1,R146,format-ok,yes,
Main board,,RC0201FR-072K44L,16,"R89, R90, R91, R92, R95, R96, R97, R98, R103, R104, R105, R106, R119, R120, R121, R122",format-ok,no,
Main board,,RC0201FR-073K2L,1,R33,format-ok,no,
Main board,,RC0201FR-074K3L,2,"R15, R32",format-ok,yes,
Main board,,RC0201FR-074K7L,28,"R42, R44, R45, R46, R47, R48, R50, R52, R53, R54, R65, R66, R67, R68, R69, R70, R71, R72, R73, R74, R75, R76, R77, R117, R141, R142, R143, R195",format-ok,yes,
Main board,,RC0201FR-07500RL,4,"R110, R112, R113, R114",format-ok,no,
Main board,,RC0201FR-0750RL,3,"R31, R115, R116",format-ok,yes,
Main board,,RC0201FR-0756RL,1,R14,format-ok,yes,
Main board,,RC0201FR-0756RL,1,R22,format-ok,yes,
Main board,,RC0201FR-075R1L,3,"R132, R150, R152",format-ok,yes,
Main board,,RC0201FR-07840RL,4,"R78, R79, R80, R81",format-ok,no,
Main board,,RC0402FR-071KL,1,R37,format-ok,yes,
Main board,,RC0402FR-0720KL,1,R38,format-ok,yes,
Main board,,RC0402FR-0724RL,2,"R1, R13",format-ok,yes,
Main board,,RC0402FR-07830RL,1,R36,format-ok,no,
Main board,,RCA02010000ZSEDSR,4,"R18, R19, R34, R35",format-ok,yes,
Main board,,STM32F746ZGT7,1,U2,format-ok,yes,
Main board,,SZMMSZ5232BT1G,34,"U14, U15, U17, U37, U38, U39, U40, U41, U43, U44, U45, U46, U47, U48, U49, U50, U51, U52, U53, U54, U55, U56, U57, U58, U59, U60, U61, U62, U63, U64, U65, U66, U67, U68",format-ok,yes,
Main board,,TXS0102DCUR,1,U91,format-ok,yes,
Main board,,TXS0104EPWR,2,"U90, U92",format-ok,yes,
Main board,,XC7A50T-2FTG256I,1,U42,format-ok,yes,
PA board,,142-0731-211,2,"J1, J2",format-ok,yes,
PA board,,22-23-2021,1,X2,format-ok,yes,
PA board,,22-23-2031,1,X3,format-ok,yes,
PA board,,5113,6,"R2, R3, R5, R7, R8, R9",format-ok,yes,
PA board,,AK300/2,1,22V,format-ok,yes,
PA board,,CL05B104KBD6PJC,6,"C2, C3, C6, C7, C8, C9",format-ok,yes,
PA board,,MLASU31LBB5106KTNA01,19,"C1, C4, C5, C10, C11, C12, C13, C14, C15, C16, C17, C10, C11, C12, C13, C14, C15, C16, C17",format-ok,yes,
PA board,,QPA2962,1,U$1,format-ok,yes,
PA board,,RCA06030000ZSTA,1,R6,format-ok,yes,
PA board,,RN73H1ETTP10R1F50,2,"R1, R4",format-ok,yes,
PA board,,WSL28165L000FEH,1,R10,format-ok,yes,
Patch antenna,,142-0731-211,11,"J1, J2, J3, J4, J5, J6, J7, J8, J9, J10, J11, J12, J13, J14, J15, J17",format-ok,yes,
Power board,,06035D103JAT2A,6,"C150, C152, C160, C162, C167, C168",format-ok,yes,
Power board,,22-23-2021,31,"X2, X3, X4, X5, X6, X7, X8, X9, X10, X11, X12, X13, X14, X15, X16, X17, X22, X23, X25, X26, X27, X28, X29, X30, X34, X35, X36, X37, X38, X39, X40",format-ok,yes,
Power board,,22-23-2031,5,"X18, X19, X20, X21, X24",format-ok,yes,
Power board,,22-23-2041,3,"X31, X32, X33",format-ok,yes,
Power board,,ADM7151ACPZ-04-R7,6,"U5, U23, U25, U27, U29, U30",format-ok,yes,
Power board,,AE0805BR-0710KL,30,"R2, R4, R6, R8, R10, R12, R14, R16, R18, R20, R22, R24, R26, R28, R30, R32, R34, R36, R38, R40, R42, R44, R46, R48, R50, R52, R56, R61, R62, R63",format-ok,yes,
Power board,,AK300/2,1,X1,format-ok,yes,
Power board,,CC0805KFX5R8BB106,60,"C4, C5, C9, C10, C15, C16, C21, C22, C24, C25, C28, C33, C34, C39, C40, C45, C46, C50, C51, C52, C53, C57, C58, C63, C64, C69, C70, C74, C75, C80, C81, C86, C87, C92, C93, C94, C95, C108, C112, C113, C114, C115, C118, C122, C123, C124, C125, C128, C132, C133, C134, C135, C138, C139, C140, C143, C147, C148, C157, C158",format-ok,yes,
Power board,,CRCW080511K5FKTA,3,"R54, R58, R60",format-ok,yes,
Power board,,CRCW080532K4FKEAHP,6,"R5, R7, R11, R13, R15, R19",format-ok,yes,
Power board,,CRCW080556K2FKEAHP,11,"R17, R23, R25, R27, R29, R31, R37, R41, R45, R51, R55",format-ok,yes,
Power board,,CRCW080561K9FKEA,1,R33,format-ok,yes,
Power board,,DEM8045Z-2R2N=P3,2,"U$1, U$2",format-ok,yes,
Power board,,DEM8045Z-3R3N=P3,19,"U$3, U$4, U$5, U$6, U$7, U$8, U$9, U$10, U$11, U$12, U$13, U$14, U$15, U$16, U$17, U$18, U$19, U$20, U$21",format-ok,yes,
Power board,,ERJ-P06D2001V,1,R39,format-ok,yes,
Power board,,ERJ-P06F2432V,1,R59,format-ok,yes,
Power board,,ERJ-P06F3091V,1,R1,format-ok,yes,
Power board,,ERJ-P06F3482V,1,R21,format-ok,yes,
Power board,,ERJ-P06F3572V,2,"R53, R57",format-ok,yes,
Power board,,ESR10EZPF1372,1,R3,format-ok,yes,
Power board,,GCM21BR71E104JA37L,21,"C1, C6, C12, C18, C29, C30, C36, C42, C54, C60, C66, C71, C76, C77, C83, C89, C109, C119, C129, C144, C154",format-ok,yes,
Power board,,KGM15CR51E226MT,58,"C2, C3, C7, C8, C11, C13, C14, C17, C19, C20, C23, C31, C32, C35, C37, C38, C41, C43, C44, C47, C48, C49, C55, C56, C59, C61, C62, C65, C67, C68, C72, C73, C78, C79, C82, C84, C85, C88, C90, C91, C110, C111, C120, C121, C130, C131, C145, C146, C149, C155, C156, C159, C164, C165, C169, C170, C171, C172",format-ok,yes,
Power board,,KTR10EZPF1202,4,"R9, R35, R43, R47",format-ok,yes,
Power board,,LM2662MX/NOPB,7,"U18, U19, U20, U21, U22, U36, U37",format-ok,yes,
Power board,,MSAYG21GSLD105KTNA01,12,"C26, C27, C106, C107, C116, C117, C126, C127, C136, C137, C141, C142",format-ok,yes,
Power board,,RK73H2ATTD2372F,1,R49,format-ok,yes,
Power board,,S1751-46R,15,"TP1, TP2, TP3, TP4, TP5, TP6, TP7, TP8, TP9, TP10, TP11, TP12, TP13, TP14, TP15",format-ok,yes,
Power board,,T521W476M020ATE045,12,"C96, C97, C98, C99, C100, C101, C102, C103, C104, C105, C173, C174",format-ok,yes,
Power board,,TPS562208DDCT,21,"U1, U2, U3, U4, U6, U7, U8, U9, U10, U11, U12, U13, U14, U15, U16, U17, U24, U26, U28, U31, U33",format-ok,yes,
Power board,,TPS7A8300RGRR,3,"U32, U34, U35",format-ok,yes,
Power board,,ZRB18AR6YA106ME01L,5,"C151, C153, C161, C163, C166",format-ok,yes,
