Board,Connector,Part,Pin,Net,CounterpartBoard,Keying,Notes
Main board,X1,22-23-2021,-1.S,+3V4,MainBoard PowerBoard,,rail spans 2 boards
Main board,X1,22-23-2021,-2.S,GND,local,,
Main board,X4,22-23-2021,-1.S,+3V3_ADTR,MainBoard PowerBoard,,rail spans 2 boards
Main board,X4,22-23-2021,-2.S,GND,local,,
Main board,X5,22-23-2021,-1.S,+5V0_PA_2,MainBoard PowerBoard,,rail spans 2 boards
Main board,X5,22-23-2021,-2.S,GND,local,,
Main board,X6,22-23-2021,-1.S,-3V3_SW,MainBoard PowerBoard,,rail spans 2 boards
Main board,X6,22-23-2021,-2.S,GND,local,,
Main board,X7,22-23-2021,-1.S,+5V0_PA_3,MainBoard PowerBoard,,rail spans 2 boards
Main board,X7,22-23-2021,-2.S,GND,local,,
Main board,X8,22-23-2021,-1.S,+1V0_FPGA,MainBoard PowerBoard,,rail spans 2 boards
Main board,X8,22-23-2021,-2.S,GND,local,,
Main board,X9,22-23-2021,-1.S,+3V3_AN,MainBoard PowerBoard,,rail spans 2 boards
Main board,X9,22-23-2021,-2.S,GND,local,,
Main board,X10,22-23-2021,-1.S,+1V8_FPGA,MainBoard PowerBoard,,rail spans 2 boards
Main board,X10,22-23-2021,-2.S,GND,local,,
Main board,X11,22-23-2021,-1.S,-3V4,MainBoard PowerBoard,,rail spans 2 boards
Main board,X11,22-23-2021,-2.S,GND,local,,
Main board,X12,22-23-2021,-1.S,+3V3_VDD_SW,MainBoard PowerBoard,,rail spans 2 boards
Main board,X12,22-23-2021,-2.S,GND,local,,
Main board,X13,22-23-2021,-1.S,-5V0_ADAR12,MainBoard PowerBoard,,rail spans 2 boards
Main board,X13,22-23-2021,-2.S,GND,local,,
Main board,X14,22-23-2021,-1.S,+5V0_PA_1,MainBoard PowerBoard,,rail spans 2 boards
Main board,X14,22-23-2021,-2.S,GND,local,,
Main board,X15,22-23-2021,-1.S,-5V0_ADAR34,MainBoard PowerBoard,,rail spans 2 boards
Main board,X15,22-23-2021,-2.S,GND,local,,
Main board,X16,22-23-2021,-1.S,+3V3_FPGA,MainBoard PowerBoard,,rail spans 2 boards
Main board,X16,22-23-2021,-2.S,GND,local,,
Main board,X17,22-23-2021,-1.S,+1V8_CLOCK,FreqSynth MainBoard PowerBoard,,rail spans 3 boards
Main board,X17,22-23-2021,-2.S,GND,local,,
Main board,X18,22-23-2021,-1.S,+5V0_0,MainBoard PowerBoard,,rail spans 2 boards
Main board,X18,22-23-2021,-2.S,GND,local,,
Main board,X19,22-23-2021,-1.S,-5V5_PA,MainBoard PowerBoard,,rail spans 2 boards
Main board,X19,22-23-2021,-2.S,GND,local,,
Main board,X20,22-23-2021,-1.S,+3V3_ADAR12,MainBoard,,
Main board,X20,22-23-2021,-2.S,GND,local,,
Main board,X21,22-23-2021,-1.S,+3V3_ADAR34,MainBoard,,
Main board,X21,22-23-2021,-2.S,GND,local,,
Main board,X22,22-23-2021,-1.S,-3V4,MainBoard PowerBoard,,rail spans 2 boards
Main board,X22,22-23-2021,-2.S,GND,local,,
Main board,X24,22-23-2021,-1.S,+3V3,MainBoard PowerBoard,,rail spans 2 boards
Main board,X24,22-23-2021,-2.S,GND,local,,
Main board,X54,22-23-2021,-1.S,+3V4,MainBoard PowerBoard,,rail spans 2 boards
Main board,X54,22-23-2021,-2.S,GND,local,,
Main board,X55,22-23-2021,-1.S,+5V5_PA,MainBoard PowerBoard,,rail spans 2 boards
Main board,X55,22-23-2021,-2.S,GND,local,,
Main board,X56,22-23-2021,-1.S,+3V3_AN,MainBoard PowerBoard,,rail spans 2 boards
Main board,X56,22-23-2021,-2.S,GND,local,,
Main board,X57,22-23-2021,-1.S,+2V5_FPGA,MainBoard PowerBoard,,rail spans 2 boards
Main board,X57,22-23-2021,-2.S,GND,local,,
Main board,X_1,22-23-2021,-1.S,VG_15,local,,
Main board,X_1,22-23-2021,-2.S,GND,local,,
Main board,X_2,22-23-2021,-1.S,VG_13,local,,
Main board,X_2,22-23-2021,-2.S,GND,local,,
Main board,X_3,22-23-2021,-1.S,VG_7,local,,
Main board,X_3,22-23-2021,-2.S,GND,local,,
Main board,X_4,22-23-2021,-1.S,VG_5,local,,
Main board,X_4,22-23-2021,-2.S,GND,local,,
Main board,X_5,22-23-2021,-1.S,VG_9,local,,
Main board,X_5,22-23-2021,-2.S,GND,local,,
Main board,X_6,22-23-2021,-1.S,VG_11,local,,
Main board,X_6,22-23-2021,-2.S,GND,local,,
Main board,X_7,22-23-2021,-1.S,VG_1,local,,
Main board,X_7,22-23-2021,-2.S,GND,local,,
Main board,X_8,22-23-2021,-1.S,VG_3,local,,
Main board,X_8,22-23-2021,-2.S,GND,local,,
Main board,X_9,22-23-2021,-1.S,VG_14,local,,
Main board,X_9,22-23-2021,-2.S,GND,local,,
Main board,X_10,22-23-2021,-1.S,VG_16,local,,
Main board,X_10,22-23-2021,-2.S,GND,local,,
Main board,X_11,22-23-2021,-1.S,VG_6,local,,
Main board,X_11,22-23-2021,-2.S,GND,local,,
Main board,X_12,22-23-2021,-1.S,VG_8,local,,
Main board,X_12,22-23-2021,-2.S,GND,local,,
Main board,X_13,22-23-2021,-1.S,VG_12,local,,
Main board,X_13,22-23-2021,-2.S,GND,local,,
Main board,X_14,22-23-2021,-1.S,VG_10,local,,
Main board,X_14,22-23-2021,-2.S,GND,local,,
Main board,X_15,22-23-2021,-1.S,VG_4,local,,
Main board,X_15,22-23-2021,-2.S,GND,local,,
Main board,X_16,22-23-2021,-1.S,VG_2,local,,
Main board,X_16,22-23-2021,-2.S,GND,local,,
Power board,X1,AK300/2,-1.KL,VIN,PowerBoard,,
Power board,X1,AK300/2,-2.KL,GND,local,,
Power board,X2,22-23-2021,-1.S,+5V0_1,PowerBoard,,
Power board,X2,22-23-2021,-2.S,GND,local,,
Power board,X3,22-23-2021,-1.S,+5V5_PA,MainBoard PowerBoard,,rail spans 2 boards
Power board,X3,22-23-2021,-2.S,GND,local,,
Power board,X4,22-23-2021,-1.S,+1V0_FPGA,MainBoard PowerBoard,,rail spans 2 boards
Power board,X4,22-23-2021,-2.S,GND,local,,
Power board,X5,22-23-2021,-1.S,+1V8_FPGA,MainBoard PowerBoard,,rail spans 2 boards
Power board,X5,22-23-2021,-2.S,GND,local,,
Power board,X6,22-23-2021,-1.S,+5V0_LO,FreqSynth PowerBoard,,rail spans 2 boards
Power board,X6,22-23-2021,-2.S,GND,local,,
Power board,X7,22-23-2021,-1.S,+3V3_LO_2,FreqSynth PowerBoard,,rail spans 2 boards
Power board,X7,22-23-2021,-2.S,GND,local,,
Power board,X8,22-23-2021,-1.S,+3V3_LO_1,FreqSynth PowerBoard,,rail spans 2 boards
Power board,X8,22-23-2021,-2.S,GND,local,,
Power board,X9,22-23-2021,-1.S,+5V0_2,PowerBoard,,
Power board,X9,22-23-2021,-2.S,GND,local,,
Power board,X10,22-23-2021,-1.S,+1V8_CLOCK,FreqSynth MainBoard PowerBoard,,rail spans 3 boards
Power board,X10,22-23-2021,-2.S,GND,local,,
Power board,X11,22-23-2021,-1.S,+3V3_CLOCK,FreqSynth PowerBoard,,rail spans 2 boards
Power board,X11,22-23-2021,-2.S,GND,local,,
Power board,X12,22-23-2021,-1.S,+3V3_AN,MainBoard PowerBoard,,rail spans 2 boards
Power board,X12,22-23-2021,-2.S,GND,local,,
Power board,X13,22-23-2021,-1.S,+5V0_ADAR,PowerBoard,,
Power board,X13,22-23-2021,-2.S,GND,local,,
Power board,X14,22-23-2021,-1.S,+3V3_ADAR_12,PowerBoard,,
Power board,X14,22-23-2021,-2.S,GND,local,,
Power board,X15,22-23-2021,-1.S,+3V3_ADAR_34,PowerBoard,,
Power board,X15,22-23-2021,-2.S,GND,local,,
Power board,X16,22-23-2021,-1.S,+3V3,MainBoard PowerBoard,,rail spans 2 boards
Power board,X16,22-23-2021,-2.S,GND,local,,
Power board,X17,22-23-2021,-1.S,+5V0_3,PowerBoard,,
Power board,X17,22-23-2021,-2.S,GND,local,,
Power board,X18,22-23-2021,-1.S,-3V3_SW,MainBoard PowerBoard,,rail spans 2 boards
Power board,X18,22-23-2021,-2.S,GND,local,,
Power board,X19,22-23-2021,-1.S,-5V5_PA,MainBoard PowerBoard,,rail spans 2 boards
Power board,X19,22-23-2021,-2.S,GND,local,,
Power board,X20,22-23-2021,-1.S,-5V0_ADAR34,MainBoard PowerBoard,,rail spans 2 boards
Power board,X20,22-23-2021,-2.S,GND,local,,
Power board,X21,22-23-2021,-1.S,-5V0_ADAR12,MainBoard PowerBoard,,rail spans 2 boards
Power board,X21,22-23-2021,-2.S,GND,local,,
Power board,X22,22-23-2021,-1.S,+5V0_0,MainBoard PowerBoard,,rail spans 2 boards
Power board,X22,22-23-2021,-2.S,GND,local,,
Power board,X23,22-23-2021,-1.S,+3V4,MainBoard PowerBoard,,rail spans 2 boards
Power board,X23,22-23-2021,-2.S,GND,local,,
Power board,X24,22-23-2021,-1.S,-3V4,MainBoard PowerBoard,,rail spans 2 boards
Power board,X24,22-23-2021,-2.S,GND,local,,
Power board,X25,22-23-2021,-1.S,+5V0_4,PowerBoard,,
Power board,X25,22-23-2021,-2.S,GND,local,,
Power board,X26,22-23-2021,-1.S,+5V0_ADTR,PowerBoard,,
Power board,X26,22-23-2021,-2.S,GND,local,,
Power board,X27,22-23-2021,-1.S,+3V3_FPGA,MainBoard PowerBoard,,rail spans 2 boards
Power board,X27,22-23-2021,-2.S,GND,local,,
Power board,X28,22-23-2021,-1.S,+5V0_5,PowerBoard,,
Power board,X28,22-23-2021,-2.S,GND,local,,
Power board,X29,22-23-2021,-1.S,+3V3_SW,PowerBoard,,
Power board,X29,22-23-2021,-2.S,GND,local,,
Power board,X30,22-23-2021,-1.S,+3V3_VDD_SW,MainBoard PowerBoard,,rail spans 2 boards
Power board,X30,22-23-2021,-2.S,GND,local,,
Power board,X31,22-23-2021,-1.S,+5V0_PA_1,MainBoard PowerBoard,,rail spans 2 boards
Power board,X31,22-23-2021,-2.S,GND,local,,
Power board,X32,22-23-2021,-1.S,+5V0_PA_2,MainBoard PowerBoard,,rail spans 2 boards
Power board,X32,22-23-2021,-2.S,GND,local,,
Power board,X33,22-23-2021,-1.S,+5V0_PA_3,MainBoard PowerBoard,,rail spans 2 boards
Power board,X33,22-23-2021,-2.S,GND,local,,
Power board,X34,22-23-2021,-1.S,+3V3_ADTR,MainBoard PowerBoard,,rail spans 2 boards
Power board,X34,22-23-2021,-2.S,GND,local,,
Power board,X35,22-23-2021,-1.S,+3V3_XO,FreqSynth PowerBoard,,rail spans 2 boards
Power board,X35,22-23-2021,-2.S,GND,local,,
Power board,X36,22-23-2021,-1.S,+2V5_FPGA,MainBoard PowerBoard,,rail spans 2 boards
Power board,X36,22-23-2021,-2.S,GND,local,,
Power board,X37,22-23-2021,-1.S,+5V0_LO,FreqSynth PowerBoard,,rail spans 2 boards
Power board,X37,22-23-2021,-2.S,GND,local,,
Frequency synthesizer,X10,22-23-2021,-1.S,N$69,local,,
Frequency synthesizer,X10,22-23-2021,-2.S,GND,local,,
Frequency synthesizer,X11,22-23-2021,-1.S,N$71,local,,
Frequency synthesizer,X11,22-23-2021,-2.S,GND,local,,
Frequency synthesizer,X12,22-23-2021,-1.S,N$73,local,,
Frequency synthesizer,X12,22-23-2021,-2.S,GND,local,,
Frequency synthesizer,X13,22-23-2021,-1.S,N$75,local,,
Frequency synthesizer,X13,22-23-2021,-2.S,GND,local,,
Frequency synthesizer,X14,22-23-2021,-1.S,N$77,local,,
Frequency synthesizer,X14,22-23-2021,-2.S,GND,local,,
Frequency synthesizer,X15,22-23-2021,-1.S,+5V0_LO,FreqSynth PowerBoard,,rail spans 2 boards
Frequency synthesizer,X15,22-23-2021,-2.S,GND,local,,
Power amplifier,X2,22-23-2021,-1.S,VG,local,,
Power amplifier,X2,22-23-2021,-2.S,GND,local,,
Power amplifier,22V,AK300/2,-1.KL,VD,local,,
Power amplifier,22V,AK300/2,-2.KL,GND,local,,
