Rail,Boards,BoardsCount,TotalPins,NearDuplicates
+1V0_FPGA,MainBoard PowerBoard,2,10,
+1V8_CLOCK,FreqSynth MainBoard PowerBoard,3,22,
+1V8_CLOCK_F,MainBoard,1,29,
+1V8_FPGA,MainBoard PowerBoard,2,26,
+2V5_FPGA,MainBoard PowerBoard,2,17,
+3V3,MainBoard PowerBoard,2,50,
+3V3_ADAR12,MainBoard PowerBoard,2,11,
+3V3_ADAR1_F,MainBoard,1,7,
+3V3_ADAR2_F,MainBoard,1,8,
+3V3_ADAR34,MainBoard PowerBoard,2,10,
+3V3_ADAR3_F,MainBoard,1,8,
+3V3_ADAR4_F,MainBoard,1,9,
+3V3_ADTR,MainBoard PowerBoard,2,24,
+3V3_AN,MainBoard PowerBoard,2,17,
+3V3_AN1_F,MainBoard,1,5,
+3V3_AN2_F,MainBoard,1,5,
+3V3_AN3_F,MainBoard,1,18,
+3V3_AN4_F,MainBoard,1,26,
+3V3_AN5_F,MainBoard,1,17,
+3V3_AN6_F,MainBoard,1,17,
+3V3_CLOCK,FreqSynth PowerBoard,2,25,
+3V3_FPGA,MainBoard PowerBoard,2,74,
+3V3_LO_1,FreqSynth PowerBoard,2,33,
+3V3_LO_2,FreqSynth PowerBoard,2,33,
+3V3_SW,PowerBoard,1,7,
+3V3_VDD_SW,MainBoard PowerBoard,2,23,
+3V3_XO,FreqSynth PowerBoard,2,17,
+3V4,MainBoard PowerBoard,2,78,
+5V0_0,MainBoard PowerBoard,2,17,
+5V0_1,PowerBoard,1,7,
+5V0_2,PowerBoard,1,7,
+5V0_3,PowerBoard,1,8,
+5V0_4,PowerBoard,1,8,
+5V0_5,PowerBoard,1,15,
+5V0_ADAR,PowerBoard,1,9,
+5V0_ADTR,PowerBoard,1,9,
+5V0_LO,FreqSynth PowerBoard,2,10,
+5V0_PA_1,MainBoard PowerBoard,2,11,
+5V0_PA_2,MainBoard PowerBoard,2,11,
+5V0_PA_3,MainBoard PowerBoard,2,12,
+5V5_PA,MainBoard PowerBoard,2,12,
-3V3_SW,MainBoard PowerBoard,2,20,
-3V4,MainBoard PowerBoard,2,74,
-5V0_ADAR12,MainBoard PowerBoard,2,8,
-5V0_ADAR34,MainBoard PowerBoard,2,7,
-5V5_PA,MainBoard PowerBoard,2,24,
VIN,PowerBoard,1,76,
VIN_M,PA,1,18,
