Designator,Value,Device,Deviceset,Package,Library,PartNo,DNP
ADAR1_,ADAR1000ACCZN,,,CC-88-1_ADI,My_Library_RADAR,,
ADAR2_,ADAR1000ACCZN,,,CC-88-1_ADI,My_Library_RADAR,,
ADAR3_,ADAR1000ACCZN,,,CC-88-1_ADI,My_Library_RADAR,,
ADAR4_,ADAR1000ACCZN,,,CC-88-1_ADI,My_Library_RADAR,,
ADTR1107_1,ADTR1107ACCZ,,,CC-24-8_ADI,My_Library_RADAR,,
ADTR1107_10,ADTR1107ACCZ,,,CC-24-8_ADI,My_Library_RADAR,,
ADTR1107_11,ADTR1107ACCZ,,,CC-24-8_ADI,My_Library_RADAR,,
ADTR1107_12,ADTR1107ACCZ,,,CC-24-8_ADI,My_Library_RADAR,,
ADTR1107_13,ADTR1107ACCZ,,,CC-24-8_ADI,My_Library_RADAR,,
ADTR1107_14,ADTR1107ACCZ,,,CC-24-8_ADI,My_Library_RADAR,,
ADTR1107_15,ADTR1107ACCZ,,,CC-24-8_ADI,My_Library_RADAR,,
ADTR1107_16,ADTR1107ACCZ,,,CC-24-8_ADI,My_Library_RADAR,,
ADTR1107_2,ADTR1107ACCZ,,,CC-24-8_ADI,My_Library_RADAR,,
ADTR1107_3,ADTR1107ACCZ,,,CC-24-8_ADI,My_Library_RADAR,,
ADTR1107_4,ADTR1107ACCZ,,,CC-24-8_ADI,My_Library_RADAR,,
ADTR1107_5,ADTR1107ACCZ,,,CC-24-8_ADI,My_Library_RADAR,,
ADTR1107_6,ADTR1107ACCZ,,,CC-24-8_ADI,My_Library_RADAR,,
ADTR1107_7,ADTR1107ACCZ,,,CC-24-8_ADI,My_Library_RADAR,,
ADTR1107_8,ADTR1107ACCZ,,,CC-24-8_ADI,My_Library_RADAR,,
ADTR1107_9,ADTR1107ACCZ,,,CC-24-8_ADI,My_Library_RADAR,,
C1,0.1uF,,,C0201,eagle-ltspice,,
C10,0.1uF,,,C0201,eagle-ltspice,,
C100,1uF,,,C0201,eagle-ltspice,,
C101,1uF,,,C0201,eagle-ltspice,,
C102,10nF,,,C0201,eagle-ltspice,,
C103,10nF,,,C0201,eagle-ltspice,,
C104,10nF,,,C0201,eagle-ltspice,,
C105,10nF,,,C0201,eagle-ltspice,,
C106,10nF,,,C0201,eagle-ltspice,,
C107,10nF,,,C0201,eagle-ltspice,,
C108,4.7uF,,,C0201,eagle-ltspice,,
C109,4.7uF,,,C0201,eagle-ltspice,,
C11,0.1uF,,,C0201,eagle-ltspice,,
C110,0.47uF,,,C0201,eagle-ltspice,,
C111,0.47uF,,,C0201,eagle-ltspice,,
C112,0.47uF,,,C0201,eagle-ltspice,,
C113,0.47uF,,,C0201,eagle-ltspice,,
C114,10nF,,,C0201,eagle-ltspice,,
C115,10nF,,,C0201,eagle-ltspice,,
C116,10nF,,,C0201,eagle-ltspice,,
C117,10nF,,,C0201,eagle-ltspice,,
C118,10nF,,,C0201,eagle-ltspice,,
C119,10nF,,,C0201,eagle-ltspice,,
C12,0.1uF,,,C0201,eagle-ltspice,,
C120,10nF,,,C0201,eagle-ltspice,,
C121,10nF,,,C0201,eagle-ltspice,,
C122,10nF,,,C0201,eagle-ltspice,,
C123,10nF,,,C0201,eagle-ltspice,,
C124,100pF,,,C0201,eagle-ltspice,,
C125,0.1uF,,,C0201,eagle-ltspice,,
C126,1pF,,,C0201,eagle-ltspice,,
C127,32.8pF,,,C0201,eagle-ltspice,,
C128,1pF,,,C0201,eagle-ltspice,,
C129,1pF,,,C0201,eagle-ltspice,,
C13,0.1uF,,,C0201,eagle-ltspice,,
C130,100pF,,,C0201,eagle-ltspice,,
C131,0.1uF,,,C0201,eagle-ltspice,,
C132,100pF,,,C0201,eagle-ltspice,,
C133,0.1uF,,,C0201,eagle-ltspice,,
C134,1pF,,,C0201,eagle-ltspice,,
C135,1pF,,,C0201,eagle-ltspice,,
C136,1pF,,,C0201,eagle-ltspice,,
C137,100pF,,,C0201,eagle-ltspice,,
C138,0.1uF,,,C0201,eagle-ltspice,,
C139,100pF,,,C0201,eagle-ltspice,,
C14,0.1uF,,,C0201,eagle-ltspice,,
C140,0.1uF,,,C0201,eagle-ltspice,,
C141,106pF,,,C0201,eagle-ltspice,,
C142,1pF,,,C0201,eagle-ltspice,,
C143,1pF,,,C0201,eagle-ltspice,,
C144,1pF,,,C0201,eagle-ltspice,,
C145,100pF,,,C0201,eagle-ltspice,,
C146,0.1uF,,,C0201,eagle-ltspice,,
C147,100pF,,,C0201,eagle-ltspice,,
C148,0.1uF,,,C0201,eagle-ltspice,,
C149,1pF,,,C0201,eagle-ltspice,,
C15,0.1uF,,,C0201,eagle-ltspice,,
C150,1pF,,,C0201,eagle-ltspice,,
C151,1pF,,,C0201,eagle-ltspice,,
C152,100pF,,,C0201,eagle-ltspice,,
C153,4.7uF,,,C0201,eagle-ltspice,,
C154,4.7uF,,,C0201,eagle-ltspice,,
C155,0.47uF,,,C0201,eagle-ltspice,,
C156,0.47uF,,,C0201,eagle-ltspice,,
C157,0.47uF,,,C0201,eagle-ltspice,,
C158,0.47uF,,,C0201,eagle-ltspice,,
C159,0.1uF,,,C0201,eagle-ltspice,,
C16,0.1uF,,,C0201,eagle-ltspice,,
C160,0.1uF,,,C0201,eagle-ltspice,,
C161,100pF,,,C0201,eagle-ltspice,,
C162,0.1uF,,,C0201,eagle-ltspice,,
C163,1pF,,,C0201,eagle-ltspice,,
C164,2.2uF,,,C0201,eagle-ltspice,,
C165,1pF,,,C0201,eagle-ltspice,,
C166,1pF,,,C0201,eagle-ltspice,,
C167,100pF,,,C0201,eagle-ltspice,,
C168,0.1uF,,,C0201,eagle-ltspice,,
C169,100pF,,,C0201,eagle-ltspice,,
C17,47uF,,,C0201,eagle-ltspice,,
C170,0.1uF,,,C0201,eagle-ltspice,,
C171,1pF,,,C0201,eagle-ltspice,,
C172,1pF,,,C0201,eagle-ltspice,,
C173,1pF,,,C0201,eagle-ltspice,,
C174,100pF,,,C0201,eagle-ltspice,,
C175,0.1uF,,,C0201,eagle-ltspice,,
C176,47uF,,,C0201,eagle-ltspice,,
C177,4.7uF,,,C0201,eagle-ltspice,,
C178,4.7uF,,,C0201,eagle-ltspice,,
C179,0.47uF,,,C0201,eagle-ltspice,,
C18,20pF,,,C0201,eagle-ltspice,,
C180,0.47uF,,,C0201,eagle-ltspice,,
C181,0.47uF,,,C0201,eagle-ltspice,,
C182,0.47uF,,,C0201,eagle-ltspice,,
C183,100pF,,,C0201,eagle-ltspice,,
C184,12pF,,,C0201,eagle-ltspice,,
C185,12pF,,,C0201,eagle-ltspice,,
C186,4.7uF 35V,,,EIA3528,SparkFun-Capacitors,,
C187,4.7uF 35V,,,EIA3528,SparkFun-Capacitors,,
C188,0.1uF,,,C0201,eagle-ltspice,,
C189,0.1uF,,,C0201,eagle-ltspice,,
C19,20pF,,,C0201,eagle-ltspice,,
C190,0.1uF,,,C0201,eagle-ltspice,,
C191,3.3uF,,,C0201,eagle-ltspice,,
C192,0.1uF,,,C0201,eagle-ltspice,,
C193,0.1uF,,,C0201,eagle-ltspice,,
C194,0.1uF,,,C0201,eagle-ltspice,,
C195,0.1uF,,,C0201,eagle-ltspice,,
C196,0.1uF,,,C0201,eagle-ltspice,,
C197,1pF,,,C0201,eagle-ltspice,,
C198,1pF,,,C0201,eagle-ltspice,,
C199,1pF,,,C0201,eagle-ltspice,,
C2,0.1uF,,,C0201,eagle-ltspice,,
C20,4.3pF,,,C0201,eagle-ltspice,,
C200,100pF,,,C0201,eagle-ltspice,,
C201,0.1uF,,,C0201,eagle-ltspice,,
C202,100pF,,,C0201,eagle-ltspice,,
C203,0.1uF,,,C0201,eagle-ltspice,,
C204,1pF,,,C0201,eagle-ltspice,,
C205,1pF,,,C0201,eagle-ltspice,,
C206,1pF,,,C0201,eagle-ltspice,,
C207,100pF,,,C0201,eagle-ltspice,,
C208,0.1uF,,,C0201,eagle-ltspice,,
C209,100pF,,,C0201,eagle-ltspice,,
C21,4.3pF,,,C0201,eagle-ltspice,,
C210,0.1uF,,,C0201,eagle-ltspice,,
C211,1pF,,,C0201,eagle-ltspice,,
C212,1pF,,,C0201,eagle-ltspice,,
C213,1pF,,,C0201,eagle-ltspice,,
C214,100pF,,,C0201,eagle-ltspice,,
C215,0.1uF,,,C0201,eagle-ltspice,,
C216,100pF,,,C0201,eagle-ltspice,,
C217,0.1uF,,,C0201,eagle-ltspice,,
C218,1pF,,,C0201,eagle-ltspice,,
C219,1pF,,,C0201,eagle-ltspice,,
C22,2.2uF,,,C0201,eagle-ltspice,,
C220,1pF,,,C0201,eagle-ltspice,,
C221,100pF,,,C0201,eagle-ltspice,,
C222,0.1uF,,,C0201,eagle-ltspice,,
C223,100pF,,,C0201,eagle-ltspice,,
C224,0.1uF,,,C0201,eagle-ltspice,,
C225,1pF,,,C0201,eagle-ltspice,,
C226,1pF,,,C0201,eagle-ltspice,,
C227,1pF,,,C0201,eagle-ltspice,,
C228,100pF,,,C0201,eagle-ltspice,,
C229,0.1uF,,,C0201,eagle-ltspice,,
C23,2.2uF,,,C0201,eagle-ltspice,,
C230,100pF,,,C0201,eagle-ltspice,,
C231,0.1uF,,,C0201,eagle-ltspice,,
C232,1pF,,,C0201,eagle-ltspice,,
C233,1pF,,,C0201,eagle-ltspice,,
C234,1pF,,,C0201,eagle-ltspice,,
C235,100pF,,,C0201,eagle-ltspice,,
C236,0.1uF,,,C0201,eagle-ltspice,,
C237,100pF,,,C0201,eagle-ltspice,,
C238,0.1uF,,,C0201,eagle-ltspice,,
C239,1pF,,,C0201,eagle-ltspice,,
C24,100nF,,,C0201,eagle-ltspice,,
C240,1pF,,,C0201,eagle-ltspice,,
C241,1pF,,,C0201,eagle-ltspice,,
C242,100pF,,,C0201,eagle-ltspice,,
C243,0.1uF,,,C0201,eagle-ltspice,,
C244,100pF,,,C0201,eagle-ltspice,,
C245,0.1uF,,,C0201,eagle-ltspice,,
C246,1pF,,,C0201,eagle-ltspice,,
C247,1pF,,,C0201,eagle-ltspice,,
C248,1pF,,,C0201,eagle-ltspice,,
C249,100pF,,,C0201,eagle-ltspice,,
C25,100nF,,,C0201,eagle-ltspice,,
C250,0.1uF,,,C0201,eagle-ltspice,,
C251,100pF,,,C0201,eagle-ltspice,,
C252,0.1uF,,,C0201,eagle-ltspice,,
C253,1pF,,,C0201,eagle-ltspice,,
C254,1pF,,,C0201,eagle-ltspice,,
C255,1pF,,,C0201,eagle-ltspice,,
C256,100nF,,,C0201,eagle-ltspice,,
C257,100nF,,,C0201,eagle-ltspice,,
C258,100nF,,,C0402,rcl,,
C259,100nF,,,C0402,rcl,,
C26,100nF,,,C0201,eagle-ltspice,,
C260,100nF,,,C0402,rcl,,
C261,4.7nF,,,C0201,eagle-ltspice,,
C262,100nF,,,C0402,rcl,,
C263,4.7nF,,,C0201,eagle-ltspice,,
C264,100nF,,,C0402,rcl,,
C265,4.7nF,,,C0201,eagle-ltspice,,
C266,100nF,,,C0402,rcl,,
C267,4.7nF,,,C0201,eagle-ltspice,,
C268,25pF,,,C0201,eagle-ltspice,,
C269,4.7nF,,,C0201,eagle-ltspice,,
C27,100nF,,,C0201,eagle-ltspice,,
C270,25pF,,,C0201,eagle-ltspice,,
C271,4.7nF,,,C0201,eagle-ltspice,,
C272,18pF,,,C0201,eagle-ltspice,,
C273,4.7nF,,,C0201,eagle-ltspice,,
C274,18pF,,,C0201,eagle-ltspice,,
C275,4.7nF,,,C0201,eagle-ltspice,,
C276,1µF,,,C0201,eagle-ltspice,,
C277,0.1µF,,,C0201,eagle-ltspice,,
C278,0.1µF,,,C0201,eagle-ltspice,,
C279,100nF,,,C0201,eagle-ltspice,,
C28,100nF,,,C0201,eagle-ltspice,,
C280,4.7nF,,,C0201,eagle-ltspice,,
C281,100nF,,,C0201,eagle-ltspice,,
C282,4.7nF,,,C0201,eagle-ltspice,,
C283,22µF,,,C1206,rcl,,
C284,4.7nF,,,C0201,eagle-ltspice,,
C285,47uF,,,C0201,eagle-ltspice,,
C286,4.7nF,,,C0201,eagle-ltspice,,
C287,4.7uF,,,C0201,eagle-ltspice,,
C288,4.7nF,,,C0201,eagle-ltspice,,
C289,4.7uF,,,C0201,eagle-ltspice,,
C29,100nF,,,C0201,eagle-ltspice,,
C290,4.7nF,,,C0201,eagle-ltspice,,
C291,0.47uF,,,C0201,eagle-ltspice,,
C292,4.7nF,,,C0201,eagle-ltspice,,
C293,0.1uF,,,C0201,eagle-ltspice,,
C294,4.7nF,,,C0201,eagle-ltspice,,
C295,0.1µF,,,C0201,eagle-ltspice,,
C296,1µF,,,C0201,eagle-ltspice,,
C297,0.1µF,,,C0201,eagle-ltspice,,
C298,100nF,,,C0201,eagle-ltspice,,
C299,0.1µF,,,C0201,eagle-ltspice,,
C3,2.7pF,,,C0402,rcl,,
C30,100nF,,,C0201,eagle-ltspice,,
C300,1µF,,,C0201,eagle-ltspice,,
C301,0.1µF,,,C0201,eagle-ltspice,,
C302,100nF,,,C0201,eagle-ltspice,,
C303,100nF,,,C0201,eagle-ltspice,,
C304,100nF,,,C0201,eagle-ltspice,,
C305,100nF,,,C0201,eagle-ltspice,,
C306,100nF,,,C0201,eagle-ltspice,,
C307,100nF,,,C0201,eagle-ltspice,,
C308,22pF,,,C0201,eagle-ltspice,,
C309,22pF,,,C0201,eagle-ltspice,,
C31,47nF,,,C0201,eagle-ltspice,,
C310,100nF,,,C0201,eagle-ltspice,,
C311,22µF,,,C1206,rcl,,
C312,10µF,,,C0805,rcl,,
C313,100nF,,,C0402,rcl,,
C314,1nF,,,C0402,rcl,,
C315,22µF,,,C1206,rcl,,
C316,10µF,,,C0805,rcl,,
C317,100nF,,,C0402,rcl,,
C318,1nF,,,C0402,rcl,,
C319,10µF,,,C0805,rcl,,
C32,100nF,,,C0201,eagle-ltspice,,
C320,100nF,,,C0402,rcl,,
C321,1nF,,,C0402,rcl,,
C322,22µF,,,C1206,rcl,,
C323,10µF,,,C0805,rcl,,
C324,100nF,,,C0402,rcl,,
C325,1nF,,,C0402,rcl,,
C326,10µF,,,C0805,rcl,,
C327,100nF,,,C0402,rcl,,
C328,1nF,,,C0402,rcl,,
C329,22µF,,,C1206,rcl,,
C33,100nF,,,C0201,eagle-ltspice,,
C330,10µF,,,C0805,rcl,,
C331,100nF,,,C0402,rcl,,
C332,1nF,,,C0402,rcl,,
C333,10µF,,,C0805,rcl,,
C334,100nF,,,C0402,rcl,,
C335,1nF,,,C0402,rcl,,
C336,10µF,,,C0805,rcl,,
C337,100nF,,,C0402,rcl,,
C338,10µF,,,C0805,rcl,,
C339,100nF,,,C0402,rcl,,
C34,100nF,,,C0201,eagle-ltspice,,
C340,10µF,,,C0805,rcl,,
C341,100nF,,,C0402,rcl,,
C342,100nF,,,C0402,rcl,,
C343,100nF,,,C0402,rcl,,
C344,100nF,,,C0402,rcl,,
C345,100nF,,,C0402,rcl,,
C346,100nF,,,C0402,rcl,,
C347,100nF,,,C0402,rcl,,
C348,100nF,,,C0402,rcl,,
C349,100nF,,,C0402,rcl,,
C35,100nF,,,C0201,eagle-ltspice,,
C350,100nF,,,C0402,rcl,,
C351,100nF,,,C0402,rcl,,
C352,0.1uF,,,C0201,eagle-ltspice,,
C353,0.1uF,,,C0201,eagle-ltspice,,
C36,0.1uF,,,C0201,eagle-ltspice,,
C37,0.1uF,,,C0201,eagle-ltspice,,
C38,0.1uF,,,C0201,eagle-ltspice,,
C39,0.1uF,,,C0201,eagle-ltspice,,
C4,0.1uF,,,C0201,eagle-ltspice,,
C40,0.1uF,,,C0201,eagle-ltspice,,
C41,0.1uF,,,C0201,eagle-ltspice,,
C42,0.1uF,,,C0201,eagle-ltspice,,
C43,0.6pF,,,C0201,rcl,,
C44,0.1uF,,,C0201,eagle-ltspice,,
C45,0.1uF,,,C0201,eagle-ltspice,,
C46,0.1uF,,,C0201,eagle-ltspice,,
C47,0.1uF,,,C0201,eagle-ltspice,,
C48,0.1µF,,,C0402,rcl,,
C49,0.1µF,,,C0402,rcl,,
C5,0.1uF,,,C0201,eagle-ltspice,,
C50,100nF,,,C0201,eagle-ltspice,,
C51,0.1uF,,,C0201,eagle-ltspice,,
C52,0.1uF,,,C0201,eagle-ltspice,,
C53,0.1uF,,,C0201,eagle-ltspice,,
C54,0.6pF,,,C0201,rcl,,
C55,47uF,,,C0201,eagle-ltspice,,
C56,0.1uF,,,C0201,eagle-ltspice,,
C57,0.1µF,,,C0402,rcl,,
C58,0.1µF,,,C0402,rcl,,
C59,32.8pF,,,C0201,eagle-ltspice,,
C6,0.1uF,,,C0201,eagle-ltspice,,
C60,103pF,,,C0201,eagle-ltspice,,
C61,7.8pF,,,C0201,eagle-ltspice,,
C62,7.8pF,,,C0201,eagle-ltspice,,
C63,103pF,,,C0201,eagle-ltspice,,
C64,25pF,,,C0201,eagle-ltspice,,
C65,25pF,,,C0201,eagle-ltspice,,
C66,100pF,,,C0201,eagle-ltspice,,
C67,0.1uF,,,C0201,eagle-ltspice,,
C68,100pF,,,C0201,eagle-ltspice,,
C69,0.1uF,,,C0201,eagle-ltspice,,
C7,0.1uF,,,C0201,eagle-ltspice,,
C70,1pF,,,C0201,eagle-ltspice,,
C71,1pF,,,C0201,eagle-ltspice,,
C72,1pF,,,C0201,eagle-ltspice,,
C73,100pF,,,C0201,eagle-ltspice,,
C74,0.1uF,,,C0201,eagle-ltspice,,
C75,10µF,,,C0805,rcl,,
C76,100nF,,,C0402,rcl,,
C77,10µF,,,C0805,rcl,,
C78,100nF,,,C0402,rcl,,
C79,100pF,,,C0201,eagle-ltspice,,
C8,0.1uF,,,C0201,eagle-ltspice,,
C80,0.1uF,,,C0201,eagle-ltspice,,
C81,100pF,,,C0201,eagle-ltspice,,
C82,0.1uF,,,C0201,eagle-ltspice,,
C83,1pF,,,C0201,eagle-ltspice,,
C84,1pF,,,C0201,eagle-ltspice,,
C85,1pF,,,C0201,eagle-ltspice,,
C86,1uF,,,C0201,eagle-ltspice,,
C87,1uF,,,C0201,eagle-ltspice,,
C88,1uF,,,C0201,eagle-ltspice,,
C89,1uF,,,C0201,eagle-ltspice,,
C9,0.1uF,,,C0201,eagle-ltspice,,
C90,1uF,,,C0201,eagle-ltspice,,
C91,1uF,,,C0201,eagle-ltspice,,
C92,1uF,,,C0201,eagle-ltspice,,
C93,1uF,,,C0201,eagle-ltspice,,
C94,1uF,,,C0201,eagle-ltspice,,
C95,1uF,,,C0201,eagle-ltspice,,
C96,1uF,,,C0201,eagle-ltspice,,
C97,1uF,,,C0201,eagle-ltspice,,
C98,1uF,,,C0201,eagle-ltspice,,
C99,1uF,,,C0201,eagle-ltspice,,
D2,Blue,,,LED-0603,SparkFun-LED,,
D3,Blue,,,LED-0603,SparkFun-LED,,
D4,Blue,,,LED-0603,SparkFun-LED,,
D5,Blue,,,LED-0603,SparkFun-LED,,
IC1,AT93C46A-10SQ-2.7,,,SOIC8,atmel,,
J1,142-0731-211,,,1420731211,142-0731-211,,
J18,142-0731-211,,,1420731211,142-0731-211,,
J19,CJT-T-P-HH-ST-TH1,,,CJTTPHHSTTH1,CJT-T-P-HH-ST-TH1,,
J20,142-0731-211,,,1420731211,142-0731-211,,
J21,CJT-T-P-HH-ST-TH1,,,CJTTPHHSTTH1,CJT-T-P-HH-ST-TH1,,
J22,142-0731-211,,,1420731211,142-0731-211,,
J23,142-0731-211,,,1420731211,142-0731-211,,
J24,142-0731-211,,,1420731211,142-0731-211,,
J25,142-0731-211,,,1420731211,142-0731-211,,
J26,142-0731-211,,,1420731211,142-0731-211,,
J27,142-0731-211,,,1420731211,142-0731-211,,
J28,142-0731-211,,,1420731211,142-0731-211,,
J29,142-0731-211,,,1420731211,142-0731-211,,
J30,142-0731-211,,,1420731211,142-0731-211,,
J31,142-0731-211,,,1420731211,142-0731-211,,
J32,142-0731-211,,,1420731211,142-0731-211,,
J33,142-0731-211,,,1420731211,142-0731-211,,
J34,142-0731-211,,,1420731211,142-0731-211,,
J35,142-0731-211,,,1420731211,142-0731-211,,
J36,142-0731-211,,,1420731211,142-0731-211,,
J37,142-0731-211,,,1420731211,142-0731-211,,
J38,142-0731-211,,,1420731211,142-0731-211,,
J39,142-0731-211,,,1420731211,142-0731-211,,
J40,142-0731-211,,,1420731211,142-0731-211,,
J41,142-0731-211,,,1420731211,142-0731-211,,
J42,142-0731-211,,,1420731211,142-0731-211,,
J43,142-0731-211,,,1420731211,142-0731-211,,
J44,142-0731-211,,,1420731211,142-0731-211,,
J45,142-0731-211,,,1420731211,142-0731-211,,
J46,142-0731-211,,,1420731211,142-0731-211,,
J47,142-0731-211,,,1420731211,142-0731-211,,
J48,142-0731-211,,,1420731211,142-0731-211,,
J49,142-0731-211,,,1420731211,142-0731-211,,
J50,142-0731-211,,,1420731211,142-0731-211,,
J51,142-0731-211,,,1420731211,142-0731-211,,
J52,142-0731-211,,,1420731211,142-0731-211,,
J53,142-0731-211,,,1420731211,142-0731-211,,
J54,142-0731-211,,,1420731211,142-0731-211,,
J55,142-0731-211,,,1420731211,142-0731-211,,
J56,142-0731-211,,,1420731211,142-0731-211,,
J57,142-0731-211,,,1420731211,142-0731-211,,
J58,142-0731-211,,,1420731211,142-0731-211,,
J59,142-0731-211,,,1420731211,142-0731-211,,
JP1,,,,2X06,pinhead,,
JP10,,,,1X03,pinhead,,
JP11,,,,1X03,pinhead,,
JP12,,,,1X03,pinhead,,
JP13,,,,2X07,pinhead,,
JP14,,,,1X03,pinhead,,
JP15,,,,1X03,pinhead,,
JP16,,,,1X03,pinhead,,
JP17,,,,1X03,pinhead,,
JP18,,,,1X04,pinhead,,
JP19,,,,1X03,pinhead,,
JP2,,,,1X06,pinhead,,
JP20,,,,1X02,pinhead,,
JP3,,,,2X04,pinhead,,
JP4,,,,1X03,pinhead,,
JP5,,,,1X03,pinhead,,
JP6,,,,1X03,pinhead,,
JP7,,,,1X08,pinhead,,
JP8,,,,1X04,pinhead,,
JP9,,,,1X04,pinhead,,
L1,,,,L5650M,rcl,,
L10,50nH,,,L0201,eagle-ltspice,,
L11,,,,L5650M,rcl,,
L12,,,,L5650M,rcl,,
L13,,,,L5650M,rcl,,
L14,,,,L5650M,rcl,,
L15,,,,L5650M,rcl,,
L16,,,,L5650M,rcl,,
L17,,,,L5650M,rcl,,
L18,,,,L5650M,rcl,,
L19,BLM15HB121SN1,,,0402,inductors,,
L2,12nH,,,L0201,eagle-ltspice,,
L20,BLM15HB121SN1,,,0402,inductors,,
L21,,,,L5650M,rcl,,
L22,107.3nH,,,L0201,eagle-ltspice,,
L23,,,,L5650M,rcl,,
L24,50nH,,,L0201,eagle-ltspice,,
L25,107.3nH,,,L0201,eagle-ltspice,,
L26,107.3nH,,,L0201,eagle-ltspice,,
L27,107.3nH,,,L0201,eagle-ltspice,,
L28,50nH,,,L0201,eagle-ltspice,,
L3,159nH,,,L0201,eagle-ltspice,,
L4,159nH,,,L0201,eagle-ltspice,,
L5,BLM15HB121SN1,,,0402,inductors,,
L6,BLM15HB121SN1,,,0402,inductors,,
L7,BLM15HB121SN1,,,0402,inductors,,
L8,12nH,,,L0201,eagle-ltspice,,
L9,50nH,,,L0201,eagle-ltspice,,
OPA_1,OPA4703EA/250,,,PW14,My_Library_RADAR,,
OPA_2,OPA4703EA/250,,,PW14,My_Library_RADAR,,
OPA_3,OPA4703EA/250,,,PW14,My_Library_RADAR,,
OPA_4,OPA4703EA/250,,,PW14,My_Library_RADAR,,
R1,24R,,,R0402,rcl,,
R10,100R,,,R0201,eagle-ltspice,,
R100,1k,,,R0201,eagle-ltspice,,
R101,1k,,,R0201,eagle-ltspice,,
R102,1k,,,R0201,eagle-ltspice,,
R103,2.443k,,,R0201,eagle-ltspice,,
R104,2.443k,,,R0201,eagle-ltspice,,
R105,2.443k,,,R0201,eagle-ltspice,,
R106,2.443k,,,R0201,eagle-ltspice,,
R107,1k,,,R0201,eagle-ltspice,,
R108,1k,,,R0201,eagle-ltspice,,
R109,1k,,,R0201,eagle-ltspice,,
R11,100R,,,R0201,eagle-ltspice,,
R110,500R,,,R0201,eagle-ltspice,,
R111,10k,,,R0201,eagle-ltspice,,
R112,500R,,,R0201,eagle-ltspice,,
R113,500R,,,R0201,eagle-ltspice,,
R114,500R,,,R0201,eagle-ltspice,,
R115,50R,,,R0201,eagle-ltspice,,
R116,50R,,,R0201,eagle-ltspice,,
R117,4.7k,,,R0201,eagle-ltspice,,
R118,1k,,,R0201,eagle-ltspice,,
R119,2.443k,,,R0201,eagle-ltspice,,
R12,100R,,,R0201,eagle-ltspice,,
R120,2.443k,,,R0201,eagle-ltspice,,
R121,2.443k,,,R0201,eagle-ltspice,,
R122,2.443k,,,R0201,eagle-ltspice,,
R123,10k,,,R0201,eagle-ltspice,,
R124,1k,,,R0201,eagle-ltspice,,
R125,1k,,,R0201,eagle-ltspice,,
R126,1k,,,R0201,eagle-ltspice,,
R127,1k,,,R0201,eagle-ltspice,,
R128,1k,,,R0201,eagle-ltspice,,
R129,1k,,,R0201,eagle-ltspice,,
R13,24R,,,R0402,rcl,,
R130,1k,,,R0201,eagle-ltspice,,
R131,1k,,,R0201,eagle-ltspice,,
R132,5R,,,R0201,eagle-ltspice,,
R133,1k,,,R0201,eagle-ltspice,,
R134,1k,,,R0201,eagle-ltspice,,
R135,1k,,,R0201,eagle-ltspice,,
R136,1k,,,R0201,eagle-ltspice,,
R137,1k,,,R0201,eagle-ltspice,,
R138,1k,,,R0201,eagle-ltspice,,
R139,1k,,,R0201,eagle-ltspice,,
R14,56R,,,R0201,rcl,,
R140,1k,,,R0201,eagle-ltspice,,
R141,4.7k,,,R0201,eagle-ltspice,,
R142,4.7k,,,R0201,eagle-ltspice,,
R143,4.7k,,,R0201,eagle-ltspice,,
R144,1k,,,R0201,eagle-ltspice,,
R145,10k,,,R0201,eagle-ltspice,,
R146,2.2k,,,R0201,eagle-ltspice,,
R147,1k,,,R0201,eagle-ltspice,,
R148,1k,,,R0201,eagle-ltspice,,
R149,1k,,,R0201,eagle-ltspice,,
R15,4.3k,,,R0201,rcl,,
R150,5R,,,R0201,eagle-ltspice,,
R151,10k,,,R0201,eagle-ltspice,,
R152,5R,,,R0201,eagle-ltspice,,
R153,10k,,,R0201,eagle-ltspice,,
R154,22.1k,,,R0201,eagle-ltspice,,
R155,22.1k,,,R0201,eagle-ltspice,,
R156,22.1k,,,R0201,eagle-ltspice,,
R157,22.1k,,,R0201,eagle-ltspice,,
R158,22.1k,,,R0201,eagle-ltspice,,
R159,22.1k,,,R0201,eagle-ltspice,,
R16,200R,,,R0201,eagle-ltspice,,
R160,22.1k,,,R0201,eagle-ltspice,,
R161,22.1k,,,R0201,eagle-ltspice,,
R162,22.1k,,,R0201,eagle-ltspice,,
R163,22.1k,,,R0201,eagle-ltspice,,
R164,22.1k,,,R0201,eagle-ltspice,,
R165,25R,,,R0201,eagle-ltspice,,
R166,25R,,,R0201,eagle-ltspice,,
R167,1k,,,R0201,eagle-ltspice,,
R168,1k,,,R0201,eagle-ltspice,,
R169,1k,,,R0201,eagle-ltspice,,
R17,200R,,,R0201,eagle-ltspice,,
R170,1k,,,R0201,eagle-ltspice,,
R171,1k,,,R0201,eagle-ltspice,,
R172,1k,,,R0201,eagle-ltspice,,
R173,100R,,,R0201,eagle-ltspice,,
R174,0R,,,R0201,rcl,,
R175,0R,,,R0201,rcl,,
R18,0R,,,R0201,eagle-ltspice,,
R19,0R,,,R0201,eagle-ltspice,,
R2,100R,,,R0201,eagle-ltspice,,
R20,200R,,,R0201,eagle-ltspice,,
R21,200R,,,R0201,eagle-ltspice,,
R22,56R,,,R0201,rcl,,
R23,22R,,,R0201,eagle-ltspice,,
R24,22R,,,R0201,eagle-ltspice,,
R25,22R,,,R0201,eagle-ltspice,,
R26,22R,,,R0201,eagle-ltspice,,
R27,22R,,,R0201,eagle-ltspice,,
R28,22R,,,R0201,eagle-ltspice,,
R29,22R,,,R0201,eagle-ltspice,,
R3,100R,,,R0201,eagle-ltspice,,
R30,22R,,,R0201,eagle-ltspice,,
R31,50R,,,R0201,eagle-ltspice,,
R32,4.3k,,,R0201,rcl,,
R33,3k2,,,R0201,eagle-ltspice,,
R34,0R,,,R0201,eagle-ltspice,,
R35,0R,,,R0201,eagle-ltspice,,
R36,830R,,,R0402,rcl,,
R37,1k,,,R0402,rcl,,
R38,20k,,,R0402,rcl,,
R39,10k,,,R0201,eagle-ltspice,,
R4,100R,,,R0201,eagle-ltspice,,
R40,10k,,,R0201,eagle-ltspice,,
R41,1k,,,R0201,eagle-ltspice,,
R42,4.7k,,,R0201,eagle-ltspice,,
R43,1k,,,R0201,eagle-ltspice,,
R44,4.7k,,,R0201,eagle-ltspice,,
R45,4.7k,,,R0201,eagle-ltspice,,
R46,4.7k,,,R0201,eagle-ltspice,,
R47,4.7k,,,R0201,eagle-ltspice,,
R48,4.7k,,,R0201,eagle-ltspice,,
R49,22R,,,R0201,eagle-ltspice,,
R5,100R,,,R0201,eagle-ltspice,,
R50,4.7k,,,R0201,eagle-ltspice,,
R51,22R,,,R0201,eagle-ltspice,,
R52,4.7k,,,R0201,eagle-ltspice,,
R53,4.7k,,,R0201,eagle-ltspice,,
R54,4.7k,,,R0201,eagle-ltspice,,
R55,1k,,,R0201,eagle-ltspice,,
R56,1k,,,R0201,eagle-ltspice,,
R57,1k,,,R0201,eagle-ltspice,,
R58,1k,,,R0201,eagle-ltspice,,
R59,1k,,,R0201,eagle-ltspice,,
R6,100R,,,R0201,eagle-ltspice,,
R60,1k2_1%,,,R0201,eagle-ltspice,,
R61,1k,,,R0201,eagle-ltspice,,
R62,22R,,,R0201,eagle-ltspice,,
R63,22R,,,R0201,eagle-ltspice,,
R64,22R,,,R0201,eagle-ltspice,,
R65,4.7k,,,R0201,eagle-ltspice,,
R66,4.7k,,,R0201,eagle-ltspice,,
R67,4.7k,,,R0201,eagle-ltspice,,
R68,4.7k,,,R0201,eagle-ltspice,,
R69,4.7k,,,R0201,eagle-ltspice,,
R7,100R,,,R0201,eagle-ltspice,,
R70,4.7k,,,R0201,eagle-ltspice,,
R71,4.7k,,,R0201,eagle-ltspice,,
R72,4.7k,,,R0201,eagle-ltspice,,
R73,4.7k,,,R0201,eagle-ltspice,,
R74,4.7k,,,R0201,eagle-ltspice,,
R75,4.7k,,,R0201,eagle-ltspice,,
R76,4.7k,,,R0201,eagle-ltspice,,
R77,4.7k,,,R0201,eagle-ltspice,,
R78,840R,,,R0201,eagle-ltspice,,
R79,840R,,,R0201,eagle-ltspice,,
R8,100R,,,R0201,eagle-ltspice,,
R80,840R,,,R0201,eagle-ltspice,,
R81,840R,,,R0201,eagle-ltspice,,
R82,1k,,,R0201,eagle-ltspice,,
R83,10k,,,R0201,eagle-ltspice,,
R84,10k,,,R0201,eagle-ltspice,,
R85,1k,,,R0201,eagle-ltspice,,
R86,1k,,,R0201,eagle-ltspice,,
R87,1k,,,R0201,eagle-ltspice,,
R88,1k,,,R0201,eagle-ltspice,,
R89,2.443k,,,R0201,eagle-ltspice,,
R9,100R,,,R0201,eagle-ltspice,,
R90,2.443k,,,R0201,eagle-ltspice,,
R91,2.443k,,,R0201,eagle-ltspice,,
R92,2.443k,,,R0201,eagle-ltspice,,
R93,1k,,,R0201,eagle-ltspice,,
R94,1k,,,R0201,eagle-ltspice,,
R95,2.443k,,,R0201,eagle-ltspice,,
R96,2.443k,,,R0201,eagle-ltspice,,
R97,2.443k,,,R0201,eagle-ltspice,,
R98,2.443k,,,R0201,eagle-ltspice,,
R99,1k,,,R0201,eagle-ltspice,,
RF_SW_1,M3SWA2-34DR+,,,16_QFN,My_Library_RADAR,,
RF_SW_10,M3SWA2-34DR+,,,16_QFN,My_Library_RADAR,,
RF_SW_11,M3SWA2-34DR+,,,16_QFN,My_Library_RADAR,,
RF_SW_12,M3SWA2-34DR+,,,16_QFN,My_Library_RADAR,,
RF_SW_13,M3SWA2-34DR+,,,16_QFN,My_Library_RADAR,,
RF_SW_14,M3SWA2-34DR+,,,16_QFN,My_Library_RADAR,,
RF_SW_15,M3SWA2-34DR+,,,16_QFN,My_Library_RADAR,,
RF_SW_16,M3SWA2-34DR+,,,16_QFN,My_Library_RADAR,,
RF_SW_2,M3SWA2-34DR+,,,16_QFN,My_Library_RADAR,,
RF_SW_3,M3SWA2-34DR+,,,16_QFN,My_Library_RADAR,,
RF_SW_4,M3SWA2-34DR+,,,16_QFN,My_Library_RADAR,,
RF_SW_5,M3SWA2-34DR+,,,16_QFN,My_Library_RADAR,,
RF_SW_6,M3SWA2-34DR+,,,16_QFN,My_Library_RADAR,,
RF_SW_7,M3SWA2-34DR+,,,16_QFN,My_Library_RADAR,,
RF_SW_8,M3SWA2-34DR+,,,16_QFN,My_Library_RADAR,,
RF_SW_9,M3SWA2-34DR+,,,16_QFN,My_Library_RADAR,,
S1,MOMENTARY-SWITCH-SPST-SMD-4.6X2.8MM,,,TACTILE_SWITCH_SMD_4.6X2.8MM,SparkFun-Switches,,
SJ1,,,,SJ_2,jumper,,
SV1,,,,MA10-2,con-lstb,,
U$1,M3SWA2-34DR+,,,16_QFN,My_Library_RADAR,,
U1,AD9484BCPZ-500,,,CP_56_5_ADI,My_Library_RADAR,,
U10,ADS7830IPWR,,,PW16,My_Library_RADAR,,
U11,INA241A4IDGKRDGK0008A-MFG,,,DGK0008A-MFG,My_Library_RADAR,,
U13,LTC5552IUDBTRMPBF,,,UDB_12_ADI,My_Library_RADAR,,
U14,SZMMSZ5232BT1G,,,SOD-123_ONS,My_Library_RADAR,,
U15,SZMMSZ5232BT1G,,,SOD-123_ONS,My_Library_RADAR,,
U16,EP4RKU+,,,DG1677-2_MNC,My_Library_RADAR,,
U17,SZMMSZ5232BT1G,,,SOD-123_ONS,My_Library_RADAR,,
U2,STM32F746ZGT7,,,LQFP-144_STM,My_Library,,
U3,AD9708AR,,,RW_28_ADI,My_Library_2,,
U37,SZMMSZ5232BT1G,,,SOD-123_ONS,My_Library_RADAR,,
U38,SZMMSZ5232BT1G,,,SOD-123_ONS,My_Library_RADAR,,
U39,SZMMSZ5232BT1G,,,SOD-123_ONS,My_Library_RADAR,,
U4,AD8352ACPZ-R7,,,CP_16_3_ADI,My_Library_RADAR,,
U40,SZMMSZ5232BT1G,,,SOD-123_ONS,My_Library_RADAR,,
U41,SZMMSZ5232BT1G,,,SOD-123_ONS,My_Library_RADAR,,
U42,XC7A50T-2FTG256I,,,BGA256C100P16X16_1700X1700X155,XC7A50T-2FTG256I,,
U43,SZMMSZ5232BT1G,,,SOD-123_ONS,My_Library_RADAR,,
U44,SZMMSZ5232BT1G,,,SOD-123_ONS,My_Library_RADAR,,
U45,SZMMSZ5232BT1G,,,SOD-123_ONS,My_Library_RADAR,,
U46,SZMMSZ5232BT1G,,,SOD-123_ONS,My_Library_RADAR,,
U47,SZMMSZ5232BT1G,,,SOD-123_ONS,My_Library_RADAR,,
U48,SZMMSZ5232BT1G,,,SOD-123_ONS,My_Library_RADAR,,
U49,SZMMSZ5232BT1G,,,SOD-123_ONS,My_Library_RADAR,,
U5,LTC5552IUDBTRMPBF,,,UDB_12_ADI,My_Library_RADAR,,
U50,SZMMSZ5232BT1G,,,SOD-123_ONS,My_Library_RADAR,,
U51,SZMMSZ5232BT1G,,,SOD-123_ONS,My_Library_RADAR,,
U52,SZMMSZ5232BT1G,,,SOD-123_ONS,My_Library_RADAR,,
U53,SZMMSZ5232BT1G,,,SOD-123_ONS,My_Library_RADAR,,
U54,SZMMSZ5232BT1G,,,SOD-123_ONS,My_Library_RADAR,,
U55,SZMMSZ5232BT1G,,,SOD-123_ONS,My_Library_RADAR,,
U56,SZMMSZ5232BT1G,,,SOD-123_ONS,My_Library_RADAR,,
U57,SZMMSZ5232BT1G,,,SOD-123_ONS,My_Library_RADAR,,
U58,SZMMSZ5232BT1G,,,SOD-123_ONS,My_Library_RADAR,,
U59,SZMMSZ5232BT1G,,,SOD-123_ONS,My_Library_RADAR,,
U6,FT2232HQ,,,64QFN_FT2232HQ_FTD,My_Library_RADAR,,
U60,SZMMSZ5232BT1G,,,SOD-123_ONS,My_Library_RADAR,,
U61,SZMMSZ5232BT1G,,,SOD-123_ONS,My_Library_RADAR,,
U62,SZMMSZ5232BT1G,,,SOD-123_ONS,My_Library_RADAR,,
U63,SZMMSZ5232BT1G,,,SOD-123_ONS,My_Library_RADAR,,
U64,SZMMSZ5232BT1G,,,SOD-123_ONS,My_Library_RADAR,,
U65,SZMMSZ5232BT1G,,,SOD-123_ONS,My_Library_RADAR,,
U66,SZMMSZ5232BT1G,,,SOD-123_ONS,My_Library_RADAR,,
U67,SZMMSZ5232BT1G,,,SOD-123_ONS,My_Library_RADAR,,
U68,SZMMSZ5232BT1G,,,SOD-123_ONS,My_Library_RADAR,,
U69,DAC5578SRGET,,,RGE24_2P7X2P7,My_Library_RADAR,,
U7,DAC5578SRGET,,,RGE24_2P7X2P7,My_Library_RADAR,,
U73,INA241A4IDGKRDGK0008A-MFG,,,DGK0008A-MFG,My_Library_RADAR,,
U74,INA241A4IDGKRDGK0008A-MFG,,,DGK0008A-MFG,My_Library_RADAR,,
U75,INA241A4IDGKRDGK0008A-MFG,,,DGK0008A-MFG,My_Library_RADAR,,
U76,INA241A4IDGKRDGK0008A-MFG,,,DGK0008A-MFG,My_Library_RADAR,,
U77,INA241A4IDGKRDGK0008A-MFG,,,DGK0008A-MFG,My_Library_RADAR,,
U78,INA241A4IDGKRDGK0008A-MFG,,,DGK0008A-MFG,My_Library_RADAR,,
U79,INA241A4IDGKRDGK0008A-MFG,,,DGK0008A-MFG,My_Library_RADAR,,
U8,AD8352ACPZ-R7,,,CP_16_3_ADI,My_Library_RADAR,,
U80,INA241A4IDGKRDGK0008A-MFG,,,DGK0008A-MFG,My_Library_RADAR,,
U81,INA241A4IDGKRDGK0008A-MFG,,,DGK0008A-MFG,My_Library_RADAR,,
U82,INA241A4IDGKRDGK0008A-MFG,,,DGK0008A-MFG,My_Library_RADAR,,
U83,INA241A4IDGKRDGK0008A-MFG,,,DGK0008A-MFG,My_Library_RADAR,,
U84,INA241A4IDGKRDGK0008A-MFG,,,DGK0008A-MFG,My_Library_RADAR,,
U85,INA241A4IDGKRDGK0008A-MFG,,,DGK0008A-MFG,My_Library_RADAR,,
U86,INA241A4IDGKRDGK0008A-MFG,,,DGK0008A-MFG,My_Library_RADAR,,
U87,INA241A4IDGKRDGK0008A-MFG,,,DGK0008A-MFG,My_Library_RADAR,,
U88,ADS7830IPWR,,,PW16,My_Library_RADAR,,
U89,ADS7830IPWR,,,PW16,My_Library_RADAR,,
U9,MT25QL01GBBB8E12-0AUT,,,BGA24_MT25QL_MRN,My_Library,,
X1,22-23-2021,,,22-23-2021,con-molex,,
X10,22-23-2021,,,22-23-2021,con-molex,,
X11,22-23-2021,,,22-23-2021,con-molex,,
X12,22-23-2021,,,22-23-2021,con-molex,,
X13,22-23-2021,,,22-23-2021,con-molex,,
X14,22-23-2021,,,22-23-2021,con-molex,,
X15,22-23-2021,,,22-23-2021,con-molex,,
X16,22-23-2021,,,22-23-2021,con-molex,,
X17,22-23-2021,,,22-23-2021,con-molex,,
X18,22-23-2021,,,22-23-2021,con-molex,,
X19,22-23-2021,,,22-23-2021,con-molex,,
X2,MINI-USB-32005-201,,,32005-201,con-cypressindustries,,
X20,22-23-2021,,,22-23-2021,con-molex,,
X21,22-23-2021,,,22-23-2021,con-molex,,
X22,22-23-2021,,,22-23-2021,con-molex,,
X24,22-23-2021,,,22-23-2021,con-molex,,
X3,22-23-2031,,,22-23-2031,con-molex,,
X38,22-23-2031,,,22-23-2031,con-molex,,
X39,22-23-2031,,,22-23-2031,con-molex,,
X4,22-23-2021,,,22-23-2021,con-molex,,
X40,22-23-2031,,,22-23-2031,con-molex,,
X41,22-23-2031,,,22-23-2031,con-molex,,
X42,22-23-2031,,,22-23-2031,con-molex,,
X43,22-23-2031,,,22-23-2031,con-molex,,
X44,22-23-2031,,,22-23-2031,con-molex,,
X45,22-23-2031,,,22-23-2031,con-molex,,
X46,22-23-2031,,,22-23-2031,con-molex,,
X47,22-23-2031,,,22-23-2031,con-molex,,
X48,22-23-2031,,,22-23-2031,con-molex,,
X49,22-23-2031,,,22-23-2031,con-molex,,
X5,22-23-2021,,,22-23-2021,con-molex,,
X50,22-23-2031,,,22-23-2031,con-molex,,
X51,22-23-2031,,,22-23-2031,con-molex,,
X52,22-23-2031,,,22-23-2031,con-molex,,
X53,MINI-USB-32005-201,,,32005-201,con-cypressindustries,,
X54,22-23-2021,,,22-23-2021,con-molex,,
X55,22-23-2021,,,22-23-2021,con-molex,,
X56,22-23-2021,,,22-23-2021,con-molex,,
X6,22-23-2021,,,22-23-2021,con-molex,,
X7,22-23-2021,,,22-23-2021,con-molex,,
X8,22-23-2021,,,22-23-2021,con-molex,,
X9,22-23-2021,,,22-23-2021,con-molex,,
XTAL1,NX3225GD-8MHZ-STD-CRA-3,,,XTAL_NX3225GD-8MHZ-STD-CRA-3_N,My_Library,,
XTAL3,NX3215SA-32.768KHz,,,XTAL_NX3225GD-8MHZ-STD-CRA-3_N,My_Library,,
X_1,22-23-2021,,,22-23-2021,con-molex,,
X_10,22-23-2021,,,22-23-2021,con-molex,,
X_11,22-23-2021,,,22-23-2021,con-molex,,
X_12,22-23-2021,,,22-23-2021,con-molex,,
X_13,22-23-2021,,,22-23-2021,con-molex,,
X_14,22-23-2021,,,22-23-2021,con-molex,,
X_15,22-23-2021,,,22-23-2021,con-molex,,
X_16,22-23-2021,,,22-23-2021,con-molex,,
X_2,22-23-2021,,,22-23-2021,con-molex,,
X_3,22-23-2021,,,22-23-2021,con-molex,,
X_4,22-23-2021,,,22-23-2021,con-molex,,
X_5,22-23-2021,,,22-23-2021,con-molex,,
X_6,22-23-2021,,,22-23-2021,con-molex,,
X_7,22-23-2021,,,22-23-2021,con-molex,,
X_8,22-23-2021,,,22-23-2021,con-molex,,
X_9,22-23-2021,,,22-23-2021,con-molex,,
Y1,ECS-120-10-36B2-JTN-TR,,,CRYSTAL-SMD-2X2.5MM,SparkFun-Clocks,,
