Qty,Value,Device,Package,MPN,Designators
81,0.1uF,,C0201,,C354 C355 C356 C357 C358 C359 C1 C10 C11 C12 C125 C13 C131 C133 C138 C14 C140 C146 C148 C15 C159 C16 C160 C162 C168 C170 C175 C188 C189 C190 C192 C193 C194 C195 C196 C2 C201 C203 C208 C210 C215 C217 C222 C224 C229 C231 C236 C238 C243 C245 C250 C252 C36 C37 C38 C39 C4 C40 C41 C42 C44 C45 C46 C47 C5 C51 C52 C53 C56 C6 C67 C69 C7 C74 C8 C80 C82 C9 C293 C352 C353
51,1pF,,C0201,,C126 C128 C129 C134 C135 C136 C142 C143 C144 C149 C150 C151 C163 C165 C166 C171 C172 C173 C197 C198 C199 C204 C205 C206 C211 C212 C213 C218 C219 C220 C225 C226 C227 C232 C233 C234 C239 C240 C241 C246 C247 C248 C253 C254 C255 C70 C71 C72 C83 C84 C85
49,1k,,R0201,,R100 R101 R102 R107 R108 R109 R118 R124 R125 R126 R127 R128 R129 R130 R131 R133 R134 R135 R136 R137 R138 R139 R140 R144 R147 R148 R149 R167 R168 R169 R170 R171 R172 R41 R43 R55 R56 R57 R58 R59 R61 R82 R85 R86 R87 R88 R93 R94 R99
41,142-0731-211,,1420731211,,J56 J57 J58 J59 J18 J20 J22 J23 J24 J25 J26 J27 J28 J29 J30 J31 J32 J33 J34 J35 J36 J37 J38 J39 J40 J41 J42 J43 J44 J45 J46 J47 J48 J49 J50 J51 J52 J53 J54 J55 J1
35,22-23-2021,,22-23-2021,,X25 X26 X27 X57 X_8 X10 X12 X16 X17 X18 X20 X21 X_16 X_15 X24 X_7 X_3 X_11 X_12 X_4 X_6 X_14 X_13 X_5 X_1 X_9 X_10 X_2 X4 X54 X55 X56 X8 X9 X1
34,100pF,,C0201,,C124 C130 C132 C137 C139 C145 C147 C152 C161 C167 C169 C174 C183 C200 C202 C207 C209 C214 C216 C221 C223 C228 C230 C235 C237 C242 C244 C249 C251 C66 C68 C73 C79 C81
34,SZMMSZ5232BT1G,,SOD-123_ONS,,U14 U15 U17 U37 U38 U39 U40 U41 U43 U44 U45 U46 U47 U48 U49 U50 U51 U52 U53 U54 U55 U56 U57 U58 U59 U60 U61 U62 U63 U64 U65 U66 U67 U68
28,100nF,,C0402,,C258 C259 C260 C262 C264 C266 C313 C317 C320 C324 C327 C331 C334 C337 C339 C341 C342 C343 C344 C345 C346 C347 C348 C349 C350 C351 C76 C78
27,10k,,R0201,,R178 R179 R180 R181 R182 R183 R184 R185 R186 R187 R188 R189 R190 R191 R192 R193 R176 R177 R111 R123 R145 R151 R153 R39 R40 R83 R84
27,4.7k,,R0201,,R117 R141 R142 R143 R42 R44 R45 R46 R47 R48 R50 R52 R53 R54 R65 R66 R67 R68 R69 R70 R71 R72 R73 R74 R75 R76 R77
24,100nF,,C0201,,C24 C25 C256 C257 C26 C27 C28 C29 C298 C30 C302 C303 C304 C305 C306 C307 C310 C32 C33 C34 C35 C50 C279 C281
22,22-23-2031,,22-23-2031,,X11 X13 X15 X19 X3 X38 X39 X40 X41 X42 X43 X44 X45 X46 X47 X48 X49 X50 X51 X52 X6 X22
17,M3SWA2-34DR+,,16_QFN,,U$1 RF_SW_6 RF_SW_8 RF_SW_10 RF_SW_12 RF_SW_11 RF_SW_9 RF_SW_14 RF_SW_16 RF_SW_15 RF_SW_13 RF_SW_3 RF_SW_1 RF_SW_2 RF_SW_4 RF_SW_7 RF_SW_5
16,1uF,,C0201,,C100 C101 C86 C87 C88 C89 C90 C91 C92 C93 C94 C95 C96 C97 C98 C99
16,10nF,,C0201,,C102 C103 C104 C105 C106 C107 C114 C115 C116 C117 C118 C119 C120 C121 C122 C123
16,4.7nF,,C0201,,C261 C263 C265 C267 C269 C271 C273 C275 C280 C282 C284 C286 C288 C290 C292 C294
16,2.443k,,R0201,,R103 R104 R105 R106 R119 R120 R121 R122 R89 R90 R91 R92 R95 R96 R97 R98
16,INA241A4IDGKRDGK0008A-MFG,,DGK0008A-MFG,,U11 U73 U74 U75 U76 U77 U78 U79 U80 U81 U82 U83 U84 U85 U86 U87
16,ADTR1107ACCZ,,CC-24-8_ADI,,ADTR1107_1 ADTR1107_3 ADTR1107_4 ADTR1107_2 ADTR1107_5 ADTR1107_7 ADTR1107_6 ADTR1107_8 ADTR1107_10 ADTR1107_12 ADTR1107_11 ADTR1107_9 ADTR1107_14 ADTR1107_16 ADTR1107_15 ADTR1107_13
13,0.47uF,,C0201,,C110 C111 C112 C113 C155 C156 C157 C158 C179 C180 C181 C182 C291
13,22R,,R0201,,R23 R24 R25 R26 R27 R28 R29 R30 R49 R51 R62 R63 R64
12,4.7uF,,C0201,,C108 C109 C153 C154 C17 C176 C177 C178 C55 C285 C287 C289
12,10µF,,C0805,,C312 C316 C319 C323 C326 C330 C333 C336 C338 C340 C75 C77
12,100R,,R0201,,R10 R12 R2 R3 R4 R5 R7 R8 R9 R173 R6 R11
11,,,1X03,,JP10 JP11 JP12 JP14 JP15 JP16 JP17 JP19 JP4 JP5 JP6
11,,,L5650M,,L1 L11 L12 L13 L14 L15 L16 L17 L18 L21 L23
11,22.1k,,R0201,,R154 R155 R156 R157 R158 R159 R160 R161 R162 R163 R164
7,1nF,,C0402,,C314 C318 C321 C325 C328 C332 C335
6,0R,,R0201,,R174 R175 R18 R19 R34 R35
6,0.1µF,,C0201,,C277 C278 C295 C297 C299 C301
5,22µF,,C1206,,C311 C315 C322 C329 C283
5,BLM15HB121SN1,,0402,,L19 L20 L5 L6 L7
4,25pF,,C0201,,C268 C270 C64 C65
4,0.1µF,,C0402,,C48 C49 C57 C58
4,Blue,,LED-0603,,D2 D3 D4 D5
4,ADAR1000ACCZN,,CC-88-1_ADI,,ADAR1_ ADAR2_ ADAR3_ ADAR4_
4,50nH,,L0201,,L10 L24 L28 L9
4,107.3nH,,L0201,,L22 L25 L26 L27
4,500R,,R0201,,R110 R112 R113 R114
4,200R,,R0201,,R16 R17 R20 R21
4,840R,,R0201,,R78 R79 R80 R81
4,OPA4703EA/250,,PW14,,OPA_4 OPA_2 OPA_3 OPA_1
3,2.2uF,,C0201,,C164 C22 C23
3,1µF,,C0201,,C276 C296 C300
3,,,1X04,,JP8 JP9 JP18
3,50R,,R0201,,R115 R116 R31
3,5R,,R0201,,R132 R150 R152
3,ADS7830IPWR,,PW16,,U10 U88 U89
3,22-23-2041,,22-23-2041,,X14 X5 X7
2,32.8pF,,C0201,,C127 C59
2,20pF,,C0201,,C18 C19
2,12pF,,C0201,,C184 C185
2,4.7uF 35V,,EIA3528,,C186 C187
2,4.3pF,,C0201,,C20 C21
2,22pF,,C0201,,C308 C309
2,0.6pF,,C0201,,C43 C54
2,103pF,,C0201,,C60 C63
2,7.8pF,,C0201,,C61 C62
2,CJT-T-P-HH-ST-TH1,,CJTTPHHSTTH1,,J19 J21
2,12nH,,L0201,,L2 L8
2,159nH,,L0201,,L3 L4
2,24R,,R0402,,R1 R13
2,56R,,R0201,,R14 R22
2,4.3k,,R0201,,R15 R32
2,25R,,R0201,,R165 R166
2,LTC5552IUDBTRMPBF,,UDB_12_ADI,,U13 U5
2,AD8352ACPZ-R7,,CP_16_3_ADI,,U4 U8
2,DAC5578SRGET,,RGE24_2P7X2P7,,U69 U7
2,MINI-USB-32005-201,,32005-201,,X2 X53
2,18pF,,C0201,,C272 C274
1,TXS0104EPWR,,PW0014A-MFG,,U90
1,TXS0102DCUR,,DCU0008A-MFG,,U91
1,106pF,,C0201,,C141
1,3.3uF,,C0201,,C191
1,2.7pF,,C0402,,C3
1,47nF,,C0201,,C31
1,AT93C46A-10SQ-2.7,,SOIC8,,IC1
1,,,2X06,,JP1
1,,,2X07,,JP13
1,,,1X06,,JP2
1,,,2X04,,JP3
1,,,1X08,,JP7
1,2.2k,,R0201,,R146
1,3k2,,R0201,,R33
1,830R,,R0402,,R36
1,1k,,R0402,,R37
1,20k,,R0402,,R38
1,1k2_1%,,R0201,,R60
1,MOMENTARY-SWITCH-SPST-SMD-4.6X2.8MM,,TACTILE_SWITCH_SMD_4.6X2.8MM,,S1
1,,,SJ_2,,SJ1
1,,,MA10-2,,SV1
1,AD9484BCPZ-500,,CP_56_5_ADI,,U1
1,EP4RKU+,,DG1677-2_MNC,,U16
1,STM32F746ZGT7,,LQFP-144_STM,,U2
1,AD9708AR,,RW_28_ADI,,U3
1,XC7A50T-2FTG256I,,BGA256C100P16X16_1700X1700X155,,U42
1,FT2232HQ,,64QFN_FT2232HQ_FTD,,U6
1,MT25QL01GBBB8E12-0AUT,,BGA24_MT25QL_MRN,,U9
1,NX3225GD-8MHZ-STD-CRA-3,,XTAL_NX3225GD-8MHZ-STD-CRA-3_N,,XTAL1
1,NX3215SA-32.768KHz,,XTAL_NX3225GD-8MHZ-STD-CRA-3_N,,XTAL3
1,ECS-120-10-36B2-JTN-TR,,CRYSTAL-SMD-2X2.5MM,,Y1
1,,,1X02,,JP20
