Designator,X,Y,Rotation,Side
C1,86.28,21.19,90,top
C10,115.38,18.04,90,top
C100,114.12,116.83,180,top
C101,109.18,102.64,90,top
C102,127.95,116.47,0,top
C103,129.73,128.36,90,top
C104,45.52,206.13,270,top
C105,65.63,202.68,90,top
C106,177.7,221.7,0,top
C107,172.1,222.9,180,top
C108,173.5,212.6,180,top
C109,145.6,197.2,90,top
C11,111.89,32.17,0,top
C110,133.1,206.2,0,top
C111,133.1,203.2,0,top
C112,134.38,190.99,90,top
C113,138.063,190.99,90,top
C114,134.9,213,0,top
C115,141,215.6,90,top
C116,137.3,221.4,0,top
C117,132.4,222.8,180,top
C118,130.3,213.2,180,top
C119,148,255.1,90,top
C12,51.43,20.82,90,top
C120,132.8,261.7,0,top
C121,132.9,265.2,0,top
C122,135.1,251.2,90,top
C123,137.5,251.2,90,top
C124,135.3,273.2,0,top
C125,138.8,274.5,90,top
C126,138.7,282,0,top
C127,133.8,283.3,180,top
C128,131,273.2,180,top
C129,85.2,252.7,90,top
C13,39.99,32.12,0,top
C130,68.5,263.6,0,top
C131,68.5,261.2,0,top
C132,70.6,251.2,90,top
C133,73.4,251.2,90,top
C134,70.8,272,0,top
C135,75.2,274.5,90,top
C136,74.3,284.5,0,top
C137,70.2,281.7,180,top
C138,66.2,273.5,180,top
C139,54.3,81,0,top
C14,39.99,29.87,0,top
C140,61.4,83.7,90,top
C141,55.275,90.392,0,top
C142,50.85,90.45,180,top
C143,50.179,81.008,180,top
C144,179.2,111.6,90,top
C145,166.7,122.5,0,top
C146,166.7,119.9,0,top
C147,168.6,108,90,top
C148,171.1,108,90,top
C149,168.4,126,270,top
C15,41.43,17.89,90,top
C150,173.7,132.1,90,top
C151,159.1,132.2,90,top
C152,155.2,132.1,90,top
C153,163.2,126.7,0,top
C154,194.5,257,90,top
C155,178.25,271.15,0,top
C156,178.3,268.95,0,top
C157,183.9,251.5,90,top
C158,181.5,251.5,90,top
C159,179.7,275.9,270,top
C16,43.63,17.84,90,top
C160,186.8,283.2,90,top
C161,169.05,281.4,90,top
C162,166.45,281.45,90,top
C163,174.4,275.5,0,top
C164,160.0,126.0,0,top
C165,176.0,124.0,0,top
C166,180.0,136.0,0,top
C167,184.0,142.0,0,top
C168,167.0,143.0,0,top
C17,39.99,27.62,0,top
C18,165.78,24.02,90,top
C19,154.59,33.52,0,top
C2,73.09,28.57,0,top
C20,154.59,31.32,0,top
C21,158.18,18.84,90,top
C22,156.08,18.84,90,top
C23,154.59,29.12,0,top
C24,198.2,46.7,0,top
C25,202.75,47.75,90,top
C26,201.6,53.3,0,top
C27,195.35,53.35,180,top
C28,193.8,46.7,180,top
C29,184.9,196.7,90,top
C3,73.14,30.97,0,top
C30,179.48,79.77,90,top
C31,168.09,89.07,0,top
C32,168.09,86.67,0,top
C33,169.48,74.74,90,top
C34,171.83,74.74,90,top
C35,168.09,84.22,0,top
C36,216.93,79.62,90,top
C37,204.49,88.92,0,top
C38,204.49,86.72,0,top
C39,205.93,74.89,90,top
C4,74.98,18.09,90,top
C40,208.33,74.89,90,top
C41,204.49,84.42,0,top
C42,65.03,151.42,90,top
C43,52.59,161.32,0,top
C44,52.59,158.97,0,top
C45,54.08,146.69,90,top
C46,56.23,146.69,90,top
C47,52.62,156.57,0,top
C48,174.2,206,0,top
C49,174.2,203.7,0,top
C5,77.18,18.14,90,top
C50,175.8,190.6,90,top
C51,177.9,190.6,90,top
C52,177.8,212.6,0,top
C53,180.9,215,90,top
C54,214.58,113.02,90,top
C55,202.47,123.37,0,top
C56,202.47,121.12,0,top
C57,203.68,108.24,90,top
C58,205.93,108.24,90,top
C59,202.47,118.82,0,top
C6,125.68,20.87,90,top
C60,100.28,81.62,90,top
C61,88.82,90.52,0,top
C62,88.82,88.32,0,top
C63,90.43,76.29,90,top
C64,92.78,76.29,90,top
C65,88.82,86.07,0,top
C66,204.78,23.92,90,top
C67,193.12,33.02,0,top
C68,193.12,30.82,0,top
C69,194.63,18.74,90,top
C7,111.89,27.77,0,top
C70,197.03,18.74,90,top
C71,136.93,80.62,90,top
C72,125.67,89.52,0,top
C73,125.67,87.27,0,top
C74,127.23,75.79,90,top
C75,129.53,75.79,90,top
C76,107.03,195.67,90,top
C77,107.63,151.02,90,top
C78,95.02,160.32,0,top
C79,95.02,157.97,0,top
C8,111.89,30.02,0,top
C80,96.43,145.69,90,top
C81,98.73,145.69,90,top
C82,94.62,205.87,0,top
C83,143.38,150.37,90,top
C84,131.52,160.87,0,top
C85,131.52,158.57,0,top
C86,132.88,145.79,90,top
C87,135.28,145.79,90,top
C88,94.62,203.62,0,top
C89,180.33,149.92,90,top
C9,113.08,18.04,90,top
C90,168.17,160.12,0,top
C91,168.17,157.82,0,top
C92,169.53,145.24,90,top
C93,171.88,145.24,90,top
C94,95.98,191.04,90,top
C95,98.28,191.04,90,top
C96,204.37,158.01,180,top
C97,196.44,145.54,0,top
C98,78.95,117.36,180,top
C99,72.88,101.52,90,top
R1,95.73,18.52,90,top
R10,190.35,56.8,0,top
R11,185.88,75.02,90,top
R12,182.62,75.07,270,top
R13,224.13,75.22,90,top
R14,220.27,75.25,270,top
R15,71.13,147.37,90,top
R16,67.87,147.43,270,top
R17,193,191.1,90,top
R18,188.6,191.1,270,top
R19,221.33,109.59,90,top
R2,91.92,18.48,270,top
R20,217.62,109.59,270,top
R21,105.68,76.64,90,top
R22,102.57,76.67,270,top
R23,209.93,18.94,90,top
R24,206.92,19,270,top
R25,144.23,75.99,90,top
R26,140.17,76.03,270,top
R27,114.58,146.64,90,top
R28,110.72,146.71,270,top
R29,150.98,146.19,90,top
R3,135.08,18.52,90,top
R30,146.87,146.14,270,top
R31,186.73,145.79,90,top
R32,183.57,145.77,270,top
R33,114.58,191.49,90,top
R34,111.22,191.4,270,top
R35,170.6,225.7,0,top
R36,166,225.6,0,top
R37,154.1,191.2,90,top
R38,148.6,191.2,270,top
R39,131,225.8,0,top
R4,131.27,18.51,270,top
R40,126.3,225.8,0,top
R41,154.6,250.1,90,top
R42,149.3,250.2,270,top
R43,131.9,285.8,0,top
R44,127.7,285.8,0,top
R45,93.9,250.8,90,top
R46,89.3,250.8,270,top
R47,68.2,285.5,0,top
R48,63.5,285.5,0,top
R49,50.85,92.95,0,top
R5,57.13,18.47,90,top
R50,46.6,92.95,0,top
R51,187.7,108.6,90,top
R52,183.3,108.7,270,top
R53,170.2,132.1,270,top
R54,169.2,135.6,0,top
R55,202.4,251.5,90,top
R56,198.4,251.5,270,top
R57,182.7,282.1,270,top
R58,178.5,282.8,270,top
R59,170.0,138.0,0,top
R6,54.37,18.44,270,top
R60,174.0,142.0,0,top
R7,171.08,19.52,90,top
R8,168.52,19.57,270,top
R9,194.75,56.8,0,top
SV1,240.25,141.3,90,top
U$1,67.33,20.94,270,top
U$10,195.09,111.34,270,top
U$11,81.55,79.34,270,top
U$12,185.85,21.79,270,top
U$13,118.3,78.74,270,top
U$14,87.75,148.74,270,top
U$15,124.1,148.84,270,top
U$16,160.81,148.44,270,top
U$17,87.31,194.04,270,top
U$18,126.3,254,270,top
U$19,61.2,253.9,270,top
U$2,105.53,20.79,270,top
U$20,160.9,110.8,270,top
U$21,171.5,252.5,270,top
U$3,32.88,21.19,270,top
U$4,147.68,21.94,270,top
U$5,167,194.3,270,top
U$6,160.74,77.69,270,top
U$7,197.19,77.89,270,top
U$8,45.34,149.74,270,top
U$9,126.379,194.546,270,top
U1,82.42,18.5,0,top
U10,211.47,108.55,0,top
U11,97.79,76.65,0,top
U12,202.01,19,0,top
U13,134.63,76,0,top
U14,104.05,146,0,top
U15,140.47,146.1,0,top
U16,177.14,145.55,0,top
U17,103.58,191.35,0,top
U18,204.7,147.89,270,top
U19,79.6,107.17,270,top
U2,120.79,18.45,0,top
U20,116.15,107.85,270,top
U21,123.34,129.48,90,top
U22,56.5,207.91,0,top
U23,174.7,217.1,180,top
U24,142.381,191.371,0,top
U25,134.7,217.7,180,top
U26,143.6,251.6,0,top
U27,133.5,277.2,180,top
U28,79.8,250.7,0,top
U29,69.2,277.1,180,top
U3,47.91,18.45,0,top
U30,53.1,86.3,180,top
U31,175.7,108.4,0,top
U32,163.8,130.8,180,top
U33,190.8,251.6,0,top
U34,174.25,279.4,180,top
U35,145.8,119.80000000000001,0,top
U4,163.43,19.1,0,top
U5,197.25,49.85,180,top
U6,176.97,75.05,0,top
U7,213.44,75.25,0,top
U8,61.63,146.95,0,top
U9,183,190.9,0,top
X1,10.45,88.3,270,top
X10,147.8,217.7,90,top
X11,186.9,217.8,90,top
X12,210.1,48.55,0,top
X13,115.75,91.05,90,top
X14,158.256,90.787,90,top
X15,194.959,91.041,90,top
X16,39.82,39.93,0,top
X17,123.7,273,90,top
X18,195.26,154.32,180,top
X19,74.48,205,270,top
X2,165.8,204.4,90,top
X20,136.73,128.24,270,top
X21,100.73,103.18,270,top
X22,192.18,40.03,0,top
X23,88.44,98.88,0,top
X24,64.53,102.55,270,top
X25,59.2,272.3,90,top
X26,157.3,124.1,90,top
X27,140.25,40.9,0,top
X28,169.45,265.2,90,top
X29,193.55,123.85,90,top
X3,87.65,203.85,90,top
X30,43.473,162.819,90,top
X31,85.727,161.946,90,top
X32,122.442,161.78,90,top
X33,158.383,161.272,90,top
X34,180.2,128.3,0,top
X35,193.25,280.05,90,top
X36,190.0,131.3,0,top
X36,65.35,82.7,0,top
X4,68.4,40.7,0,top
X5,111.5,40.4,0,top
X6,65.35,90.95,0,top
X7,81.9,277.2,90,top
X8,145,277.3,90,top
X9,124.6,207.7,90,top
